Unnamed: 0,網址,名稱,評分,評價,價格,種類,地址,圖像,座標,評論,generated_content
0,https://www.google.com/maps/place/%E6%97%A5%E8%AA%A0%E4%BE%BF%E7%95%B6/data=!4m7!3m6!1s0x3467e4eaceb0fed3:0x56ad5b37d420802e!8m2!3d24.7438694!4d121.7527266!16s%2Fg%2F11c6cqw00q!19sChIJ0_6wzurkZzQRLoAg1DdbrVY?authuser=0&hl=zh-TW&rclk=1,日誠便當,4.7,272,$,便當,健康路一段135號,https://lh5.googleusercontent.com/p/AF1QipNsiLXllu9mBzjsWnkdxL8GnD2a9WouFHQGkENo=w122-h92-k-no,"24.7438694, 121.7527266","({'A': {'一般': 2, '開放式': 1, '內用': 1, '既有': 1, '唯一': 1}, 'Na': {'菜': 14, '便當': 11, '人': 10, '老闆': 10, '價格': 9, '主菜': 8, '口味': 5, '菜色': 5, '時間': 5, '自助餐': 5, '佛心': 5, '魚': 4, '飯': 4, '雞腿': 4, '油': 4, '配菜': 4, '肉': 4, '️': 3, '環境': 3, '食材': 3, '味道': 3, '基本': 3, '動線': 3, '學生': 2, '空間': 2, '風扇': 2, '態度': 2, '排骨': 2, '香腸': 2, '團體': 2, '感覺': 2, '照片': 2, '老闆人': 2, '小時': 2, '店家': 2, '空盤': 2, '生意': 2, '盒': 2, '素食': 2, '街道': 1, '景觀': 1, '後門': 1, '雞蛋': 1, '運動': 1, '汽機車': 1, '路': 1, '店面': 1, '男女': 1, ' ♿️': 1, '親子': 1, ' ❄️': 1, '冷氣': 1, '整體': 1, '優 🍱': 1, '餐點': 1, '種類': 1, '炒類': 1, '青菜': 1, '料理': 1, '炸雞腿炸': 1, '炸魚': 1, '白帶魚': 1, '滷蛋': 1, '豆乾': 1, ' 📤': 1, '自助式': 1, '費用': 1, '服務費': 1, '評價': 1, '時段': 1, '葉菜': 1, '蛋類': 1, '豆類': 1, '問題': 1, '腥味': 1, '豬': 1, '雞': 1, '大鍋湯': 1, '湯': 1, '份量': 1, '多寡': 1, '雷': 1, '口': 1, '耗味': 1, '中餐': 1, '缺點': 1, '碗': 1, '差異': 1, '雞排': 1, '柳葉魚': 1, '鴨血': 1, '價位': 1, '水準': 1, '滿分': 1, '滿分💯  ': 1, '宜蘭人': 1, '日城': 1, '佛心價': 1, '芋頭': 1, '毛豆': 1, '時期': 1, '經濟': 1, '菩薩': 1, '平民': 1, '老百姓': 1, '品項': 1, '高麗菜': 1, '豬頭皮': 1, '豆皮絲': 1, '炸雞腿': 1, '愛心': 1, '價錢': 1, '客人': 1, '肉類': 1, '好位': 1, '桌': 1, '飯盒': 1, '塑膠袋裝': 1, '平價': 1, '圖': 1, '人潮': 1, '印象': 1, '菜餚': 1, '花樣': 1, '員工': 1, '公道': 1, '日誠': 1, '湯碗': 1, '友人': 1, '魚乾': 1, '先生': 1, '雙腳': 1, '椅子': 1, '腐皮卷': 1, '正題': 1, '果菜': 1, '地方': 1, '家人': 1, '同事': 1, '韭菜': 1, '蒜頭': 1, '吻仔魚': 1, '需要': 1, '雷菜': 1, '辣蘿蔔': 1, '辣豆': 1, '干酸菜': 1, '下飯菜': 1, '炸雞排': 1, '滷排': 1}, 'Nb': {'喜互惠': 2, ' 🅿': 1, ' 🖼': 1, '️': 1, '侯': 1, '爾偶': 1, '太佛': 1}, 'Nh': {'我': 17, '個人': 4, '自己': 2, '你': 1, '我們': 1, '大家': 1, '各位': 1}},)","{
""pros"": [
""口味不錯"",
""價格合理"",
""份量足夠""
],
""cons"": [
""環境比較簡單""
]
}"
1,https://www.google.com/maps/place/%E9%A9%9B%E9%A5%8C%E4%BE%BF%E7%95%B6/data=!4m7!3m6!1s0x3467e4eac7d12079:0xb46bd090e5b5db27!8m2!3d24.7495342!4d121.7430266!16s%2Fg%2F12lkjjs49!19sChIJeSDRx-rkZzQRJ9u15ZDQa7Q?authuser=0&hl=zh-TW&rclk=1,驛饌便當,3.2,137,$,便當,民族路415號,https://lh5.googleusercontent.com/p/AF1QipPhDdCJfegIvG7Abtph_LHsJzgOZUqLxMdkPuZn=w115-h92-k-no,"24.7495342, 121.7430266","({'A': {'蒲燒': 1, '不二': 1, '在地': 1, '醫護': 1}, 'Na': {'便當': 23, '雞腿': 12, '阿姨': 8, '菜': 7, '態度': 7, '老闆娘': 6, '炸雞腿': 6, '店員': 5, '客人': 4, '口氣': 4, '餐點': 4, '女': 4, '人': 4, '事': 3, '雞排': 3, '份量': 3, '價格': 3, '電話': 3, '老闆': 2, '員工': 2, '東西': 2, '團體': 2, '地方': 2, '菜色': 2, 'CP值': 2, '人員': 2, '湯': 2, '評論': 2, '問題': 2, '分量': 2, '中年': 2, '手': 2, '零錢': 2, '櫃檯': 2, '主食': 2, '雞肉': 2, '錢': 2, '店家': 2, '午餐': 2, '名稱': 2, '機關': 1, '名字': 1, '者': 1, '餐盒': 1, '老板': 1, '時間': 1, '朋友': 1, '們': 1, '價錢': 1, '小姐': 1, '對話': 1, '灰色': 1, '上衣': 1, '⋯⋯': 1, '結論': 1, '粘板': 1, '空氣': 1, '心': 1, '照片': 1, '蒲瓜': 1, '肉': 1, '鹹度': 1, '排骨': 1, '老人家': 1, '鯛魚': 1, '酸菜': 1, '台語': 1, '輩子': 1, '紅斑狼瘡': 1, '關節': 1, '桌': 1, '病': 1, '意志': 1, '壓力': 1, '病情': 1, '錢包': 1, '無骨香': 1, '滿分': 1, '選擇': 1, '領教版': 1, '女性': 1, '服務員': 1, '飯': 1, '配菜': 1, '國中團': 1, '炸雞': 1, '雞胸肉': 1, '感覺': 1, '香氣': 1, '口感': 1, '食物家': 1, '常味': 1, '蔬菜量': 1, '成就感': 1, '闆娘': 1, '學生': 1, '鉅款': 1, '前提': 1, '風': 1, '殘燭': 1, '悲劇': 1, '評價': 1, '夥伴': 1, '驛饌': 1, '人情味': 1, '菜單': 1, '鳥氣': 1, '惡意': 1, '額度': 1, '星': 1}, 'Nb': {'復興': 1}, 'Nh': {'我': 41, '他': 11, '你': 10, '她': 8, '我們': 4, '自己': 3, '您': 2, '妳': 2, '大家': 1, '個人': 1, '他們': 1, '‘': 1, '別人': 1, '自身': 1, '對方': 1, '你們': 1}},)","{""pros"": [""蒲燒口味不錯"", ""價位合理"", ""在地人推薦""], ""cons"": [""份量偏少"", ""雞腿偏乾""]}"
2,https://www.google.com/maps/place/%E5%8F%A4%E4%B8%80%E5%91%B3%E8%9D%A6%E6%8D%B2%E5%BA%97/data=!4m7!3m6!1s0x3467e4e88d710ca1:0x18fc11993f64a2f9!8m2!3d24.7455454!4d121.7524978!16s%2Fg%2F1ptwx_xlc!19sChIJoQxxjejkZzQR-aJkP5kR_Bg?authuser=0&hl=zh-TW&rclk=1,古一味蝦捲店,4.3,495,$$,便當,女中路二段380號,https://lh5.googleusercontent.com/p/AF1QipP8AO5Ea4ElGFmBOGbSIlhuOyiDrQwavF7055DA=w122-h92-k-no,"24.7455454, 121.7524978","({'A': {'內用': 2, '一定': 1, '陳年': 1, '額外': 1, '天然': 1}, 'Na': {'蝦捲': 26, '排骨': 18, '滷肉飯': 15, '味道': 9, '便當': 9, '排骨飯': 7, '人': 6, '滷汁': 5, '蝦仁': 5, '感覺': 4, '整體': 4, '店家': 4, '青菜': 4, '口味': 4, '菜': 4, '配菜': 4, '滷肉': 3, '豬油': 3, '客人': 3, '碗': 3, '乾麵': 3, '麵': 3, '蝦卷': 3, '白飯': 3, '筍絲': 3, '古早味': 3, '蝦捲飯': 3, '蝦': 3, '地板': 2, '生意': 2, '金仙': 2, '座位': 2, '蝦丸湯': 2, '肉': 2, '湯': 2, '環境': 2, '員工': 2, '速度': 2, '食材': 2, '肉質': 2, '柴': 2, '雞腿': 2, '地': 2, '時候': 2, '魯肉飯': 2, '主顧': 2, '食尚': 2, '玩家': 2, '餐': 2, '時間': 2, '豬騷味': 1, '金仙魚丸': 1, '味素': 1, '態度': 1, '外觀': 1, '厚度': 1, '香氣': 1, '包🦐': 1, '湯頭': 1, '機會': 1, '水溝': 1, '炸物': 1, '香味': 1, '炸蝦捲': 1, '油感': 1, '肥肉': 1, '比例': 1, '滷豆乾': 1, '總結': 1, '油': 1, '臭味': 1, '魚': 1, '食物': 1, '環': 1, '體驗感': 1, '餐具': 1, '免洗類': 1, '產品': 1, '意外': 1, '聯': 1, '平面': 1, '路': 1, '線': 1, '運氣': 1, '湯品': 1, '水': 1, '空氣': 1, '油煙味': 1, '蝦仁丸湯': 1, '蝦仁丸': 1, '丸': 1, '蝦漿': 1, '便當菜': 1, '肉燥': 1, '湯汁': 1, '特調': 1, '沾醬': 1, '晚點': 1, '白菜滷': 1, '豬肉': 1, '阿嬤': 1, '人員': 1, '耐心': 1, '雜物': 1, '餐飲': 1, '方式': 1, '老闆娘': 1, '心': 1, '類型': 1, '店址': 1, '品項': 1, '便當類': 1, '芋': 1, '蝦味': 1, '蝦肉': 1, '️⭐': 1, '排骨肉': 1, '汁': 1, '油豆腐': 1, '店員': 1, '失誤': 1, '心情': 1, '網路': 1, '滷筍絲': 1, '手': 1, '口感': 1, '招牌': 1, '荸薺': 1, '價位': 1, '表面': 1, '膠質': 1, '豬皮': 1, '甘甜味': 1, '量': 1, '菜梗': 1, '菜量': 1, '黑金': 1, '醬': 1, '老闆': 1, '年輕人': 1, '金仙蝦': 1, '風格': 1, '午餐': 1, '興趣': 1, '電燈': 1, 'cp值': 1, '便當盒': 1, '醬料': 1, '芥末': 1, '合味👍': 1, '店面': 1, '完食照': 1, '外皮': 1, '內餡': 1, '飯': 1, '在地人': 1, '排骨🐷': 1, '黑金鍋': 1, '味': 1, '口': 1, '特色': 1, '去筋': 1, '小朋友': 1, '鮮味': 1, '蝦肉塊': 1, '泥狀': 1}, 'Nb': {'️': 5, '普普': 1}, 'Nh': {'我': 7, '他': 3, '自己': 1, '個人': 1}},)","{""pros"": [""蝦捲是招牌，非常好吃"", ""環境乾淨，整體不錯"", ""份量足夠，CP值高""], ""cons"": [""內用空間有點小"", ""辣椒醬有點辣""]}"
3,https://www.google.com/maps/place/%E5%BE%A1%E5%93%81%E7%A6%8F%E9%9A%86%E4%BE%BF%E7%95%B6/data=!4m7!3m6!1s0x3467e4dd14e72105:0x17a1844ed82dc655!8m2!3d24.7495225!4d121.7553154!16s%2Fg%2F11xjkf5_r!19sChIJBSHnFN3kZzQRVcYt2E6EoRc?authuser=0&hl=zh-TW&rclk=1,御品福隆便當,3.6,102,$,便當,宜興路一段41號,https://lh5.googleusercontent.com/p/AF1QipOKFMLMvbB2A5H-cgNLP2R-X9uVgFmJIPzqQ95D=w80-h106-k-no,"24.7495225, 121.7553154","({'A': {'超級': 1}, 'Na': {'便當': 23, '價格': 6, '招牌': 5, '魯肉': 5, '菜': 5, '人': 5, '態度': 5, '排骨': 4, '魚乾': 4, '飯': 4, '味道': 3, '店員': 3, '菜色': 3, '酸菜': 2, '物價': 2, '辣包': 2, '蛋': 2, '老闆娘': 2, '辣椒': 2, '雞腿': 2, '飯菜': 2, '蜜汁': 2, '臉': 2, '菜埂': 1, '道德': 1, '動作': 1, '便飯': 1, '要點': 1, '評價': 1, '筍絲': 1, '料': 1, '東西': 1, '樣子': 1, '擺飾': 1, '鱈魚': 1, '格子': 1, '單車': 1, '螞蟻': 1, '甜不辣': 1, '星': 1, '佛心': 1, '店家': 1, '雞蛋荒': 1, '時候': 1, '媽媽': 1, '愛將': 1, '女生': 1, '員工': 1, '生意': 1, '客人': 1, '飲料': 1, '缺點': 1, '老闆': 1, '配飯': 1, '感覺': 1, '經典': 1, '美味😋': 1, '滷肉': 1, '豆乾': 1, '配料': 1, '辣味': 1, '正宗': 1, '環境衛生': 1, '差差': 1, '幾百萬一樣': 1, '櫃臺': 1, '差幾點': 1, '臉色': 1, '豆干': 1, '份量': 1, '四季豆香': 1, '值': 1, '櫃檯': 1, '人員': 1}, 'Nb': {'魯蛋': 1}, 'Nh': {'我': 8, '她': 2, '你們': 1, '誰': 1, '他': 1, '別人': 1, '你': 1}},)","{
""pros"": [
""便當菜色豐富多樣"",
""價格親民實惠"",
""份量十足""
],
""cons"": [
""部分菜色口味偏鹹"",
""環境較為簡陋""
]
}"
4,https://www.google.com/maps/place/%E7%B2%B5%E5%9C%92%E6%B8%AF%E5%BC%8F%E7%87%92%E8%85%8A/data=!4m7!3m6!1s0x3467e4ea266ebd93:0xb730cac6734ab1f2!8m2!3d24.7480607!4d121.7477527!16s%2Fg%2F1tnphr51!19sChIJk71uJurkZzQR8rFKc8bKMLc?authuser=0&hl=zh-TW&rclk=1,粵園港式燒腊,3.8,613,$,便當,文化路22號,https://lh5.googleusercontent.com/p/AF1QipNCrYg93lOaMum00COKYXZxbhG3Nx_uRSdidtAm=w122-h92-k-no,"24.7480607, 121.7477527","({'A': {'超大': 1, '中等': 1, '名': 1, '台式': 1, '唯一': 1}, 'Na': {'態度': 9, '客人': 9, '飯': 9, '餐點': 7, '份量': 7, '便當': 6, '炒飯': 6, '叉燒': 6, '肉': 5, '店員': 5, '餐': 5, '油雞腿': 5, '燒臘': 5, '錢': 4, '口味': 4, '配菜': 4, '油雞': 4, '價格': 4, '排骨': 3, '女': 3, '問題': 3, '店家': 3, '味道': 3, '人員': 3, '人': 3, '咖哩': 3, '老闆娘': 3, '生意': 3, '星': 2, '時間': 2, '白眼': 2, '菜': 2, '叉': 2, '櫃檯': 2, '員工': 2, '基本': 2, '排序': 2, '三寶': 2, '招牌': 2, '缺點': 2, '燴飯': 2, '話': 2, '闆娘': 2, '電話': 2, '雞肉': 2, '油蔥': 2, '速度': 2, '狀況': 2, '品質': 2, '標價': 2, '三寶飯': 2, '骨頭': 1, '常客': 1, '燒鴨飯': 1, '肉絲': 1, '晚點': 1, '眼疾': 1, '☺️': 1, '豆乾': 1, '蘿蔔乾': 1, '碎骨': 1, '泡菜': 1, '廣炒': 1, '肉丁': 1, '東西': 1, '飯量': 1, '炸藥': 1, '叉燒肉': 1, '肥肉': 1, '臭火塔': 1, '良心': 1, '感受': 1, '觀感': 1, '訓練': 1, '蜜汁': 1, '雞腿': 1, '闆孃': 1, '學生': 1, '樣': 1, '人情味': 1, '對手': 1, '選擇': 1, '源': 1, '寶': 1, '鴨': 1, '空地': 1, '停車格': 1, '便當類': 1, '菜色': 1, '麵': 1, '河粉': 1, '漏單': 1, '情緒': 1, '港式': 1, '變化': 1, '叉燒類': 1, '男': 1, '價差': 1, '蔬菜': 1, '三色豆': 1, '菜絲': 1, '排骨飯': 1, '雞鴨飯': 1, '叉雞飯': 1, '排骨肉': 1, '正宗': 1, '色香': 1, '味': 1, '雞胸': 1, '部位': 1, '軟硬': 1, '必要': 1, '眼神': 1, '滿分': 1, '鴨肉': 1, '血': 1, '心': 1, '師傅': 1, '氣': 1, '鴨腿': 1, '皮潤': 1, '脂肪': 1, '香氣': 1, '強項': 1, '鴨腿飯': 1, '口氣': 1, '明碼': 1, '血水': 1, '油雞飯': 1, '肉量': 1, '環境衛生': 1, '一般人': 1}, 'Nb': {}, 'Nh': {'我': 18, '我們': 5, '你': 3, '別人': 2, '自己': 2, '大家': 1, '本身': 1, '你們': 1, '個人': 1, '他們': 1, '他': 1, '妳': 1, '誰': 1}},)","{
""pros"": [
""份量大"",
""價格合理"",
""味道不錯""
],
""cons"": [
""環境較為普通""
]
}"
5,https://www.google.com/maps/place/%E8%93%81%E5%A5%BD%E7%8F%88%E5%BF%AB%E9%A4%90/data=!4m7!3m6!1s0x3467e4e9a2d121ed:0x9f888055182f515e!8m2!3d24.747563!4d121.749801!16s%2Fg%2F11cn5ph7lg!19sChIJ7SHRounkZzQRXlEvGFWAiJ8?authuser=0&hl=zh-TW&rclk=1,蓁好珈快餐,4.5,261,$,便當,神農路一段138號,https://lh5.googleusercontent.com/p/AF1QipNuT-qo7RY1ZfhSaQWeJnk47BLYz9XNxrhsDIiN=w148-h92-k-no,"24.747563, 121.749801","({'A': {'一般': 1, '內用': 1}, 'Na': {'便當': 10, '菜': 8, '排骨': 7, '豬排': 7, '紅茶': 7, '肉': 6, '湯': 6, '雞排': 5, '店家': 5, '價格': 5, '老闆娘': 4, '飯': 4, '飲料': 4, '肥腸': 4, '泡菜': 4, '老闆': 4, '配菜': 3, '口感': 3, '份量': 3, 'CP值': 3, '招牌': 3, '豆乾': 2, '大腸': 2, '香味': 2, '客家': 2, '豬肉': 2, '白飯': 2, '品質': 2, '學生': 2, '評價': 2, '店員': 2, '餐點': 2, '菜色': 2, '近人': 2, '平價': 2, '人員': 2, '蔥肉': 2, '主餐': 1, '葉菜類': 1, '玉米': 1, '豆腐': 1, '三色豆': 1, '味道': 1, '主菜': 1, '醃料': 1, '\U0001fae3  滷': 1, '鹹味': 1, '櫃檯': 1, '小姐': 1, '眼睛': 1, '先生': 1, '澱粉': 1, '油膩感': 1, '同事': 1, '雞腿': 1, '碗': 1, '菜飯': 1, '飽🤩 ': 1, '咖哩': 1, '地圖': 1, '蔥肉卷': 1, '喜好': 1, '高麗菜': 1, '乾柴': 1, '炸雞腿': 1, '時間': 1, '生意': 1, '嚼勁': 1, '豆干': 1, '炸豬排': 1, '們': 1, '動作': 1, '東西': 1, '狗狗': 1, '親人': 1, '排骨飯': 1, '柴': 1, '價位': 1, '價值': 1, '產品': 1, '愛心': 1, '待餐': 1, '優勢': 1, '檳榔嘴': 1, '衛生': 1, '顧慮': 1, '路人': 1, '車': 1, '騎樓': 1, '路霸': 1, '機車': 1, '運氣': 1, '炒飯': 1, '種類': 1, '蔬菜類': 1, '鹹度': 1, '便當盒': 1, '口味': 1, '肉品': 1, '粉': 1, '員工': 1, '飯菜': 1, '人情味': 1, '事情': 1, '時期': 1, '感覺': 1, '樣式': 1, '朋友': 1, '大學生': 1, '高分': 1, '厚度': 1, '同學': 1, '菜量': 1, '人': 1, '豆乾夾': 1, '客人': 1, '面': 1, '芝麻': 1, '毛髮': 1, '反應': 1, '肥腸飯': 1, '心情': 1, '辣包': 1, '豬排飯': 1, '飯量': 1, '大小': 1, '炸物': 1}, 'Nb': {'回': 1}, 'Nh': {'我': 4, '別人': 3, '個人': 2, '自己': 2, '您': 1}},)","{""pros"": [""便當菜色豐富多樣"", ""價格便宜實惠"", ""份量十足""], ""cons"": [""店面空間較小""]}"
6,https://www.google.com/maps/place/%E9%B4%A8%E7%B1%B3%E6%B8%AF%E5%BC%8F%E7%87%92%E8%87%98%E4%BE%BF%E7%95%B6/data=!4m7!3m6!1s0x3467e553b1440fd5:0xe2a272c2ba099ad2!8m2!3d24.7466276!4d121.7510713!16s%2Fg%2F11lgqkkpz8!19sChIJ1Q9EsVPlZzQR0poJusJyouI?authuser=0&hl=zh-TW&rclk=1,鴨米港式燒臘便當,4.2,148,$,便當,農權路189號,https://lh5.googleusercontent.com/p/AF1QipMtyP1YS78tUmdg3oLo8uSmUxE7O1E0hc0z20fN=w122-h92-k-no,"24.7466276, 121.7510713","({'A': {'中上': 1, '後續': 1, '優質': 1, '多餘': 1}, 'Na': {'便當': 12, '肉': 10, '菜': 9, '份量': 9, '脆皮': 8, '主菜': 8, '老闆': 8, '叉燒': 8, '配菜': 8, '燒肉': 5, '價位': 5, '環境': 5, '燒臘': 4, '口味': 4, '鴨腿': 4, '態度': 4, '整體': 4, '客人': 4, '鴨': 4, '感覺': 4, '耗味': 4, '油雞腿': 3, '油蔥': 3, '湯品': 3, '香腸': 3, '人': 3, '店家': 3, '餐點': 3, '油雞': 3, '腿': 3, '滷雞腿': 3, '鴨肉': 3, '口感': 3, '期間': 3, '水準': 3, '飯': 3, '油': 3, '三寶飯': 2, '叉燒肉': 2, '雞肉': 2, '紅線': 2, '港式': 2, '喜粵': 2, '價格': 2, '味精': 2, '疫情': 2, '菜色': 2, '豆腐': 2, '花椰菜': 2, '長輩': 2, '雞腿': 2, '小姐': 2, '地圖': 1, '辣蘿蔔': 1, '油雞腿飯': 1, '油雞飯': 1, '大姆': 1, '店家事': 1, '香腸飯': 1, '盒蓋': 1, '香雞': 1, '物價': 1, '量': 1, '便當盒': 1, '空虛感': 1, '飯包': 1, '業者': 1, '消費者': 1, '笑容': 1, '葉菜類': 1, '鹹度': 1, '鹹甜口': 1, '鹹味': 1, '胃口': 1, '厚薄': 1, '味道': 1, '料理': 1, '生意': 1, '大廚': 1, '手藝': 1, '菜爛': 1, '柴': 1, '雷': 1, '嘎嘎香': 1, '落差': 1, '瘦肉片': 1, '晚餐': 1, '冷氣': 1, '湯': 1, '櫻桃鴨': 1, '櫻桃': 1, '特點': 1, '取代性': 1, '留言': 1, '超喜歡': 1, '軟硬': 1, '味增': 1, '海帶': 1, '湯料': 1, '日期': 1, '要求': 1, '天氣': 1, '卦菜': 1, '肉品': 1, '食量': 1, '女生': 1, '男生': 1, '味噌湯': 1, '溫度': 1, '滿足感': 1, '體驗感': 1, '環境衛生': 1, '親子': 1, '小朋友': 1, '老闆娘': 1, '寶寶': 1, '餐具': 1, '鴨皮': 1, '香肉': 1, '香腸究': 1, '湯汁': 1, '高麗菜': 1, '鴨油': 1, '營養': 1, '店主': 1, '用心': 1, '店面': 1, '阿姨': 1, '豬': 1, '五花': 1, '叉鴨': 1, '粵園': 1, '叉雞': 1, '切片': 1, '香腸油': 1, '滷雞': 1, '雞味': 1, '火喉': 1, '砧板': 1, '問題': 1, '建議': 1, '感受': 1, '圖片': 1, '肌肉': 1, '香腸片': 1, '肉腥味': 1, '白飯': 1, '剩飯': 1, '附味': 1, '噌湯': 1, '辣菜脯': 1, '哥哥': 1, '😋肉質': 1, '價錢': 1, '蔥': 1, '東西': 1, '肉燥': 1, '醬汁': 1, '經驗': 1, '時候': 1, '單點鴨': 1, '食物': 1, '平價': 1, '大爺': 1, '灰': 1, '小兒麻痹': 1, '鼻孔': 1, '燒焦味': 1, '機油': 1, '炸雞腿': 1, '滷汁': 1, ' 油': 1, '蜜汁': 1, '肥肉': 1, '脂肪': 1, '速度': 1, '規矩': 1, '馬屁': 1}, 'Nb': {}, 'Nh': {'我': 17, '你': 2, '個人': 1, '本身': 1, '他們': 1, '我們': 1, '自己': 1, '自身': 1, '她': 1}},)","{
  ""pros"": [
    ""燒臘種類豐富"",
    ""價格合理"",
    ""份量十足""
  ],
  ""cons"": [
    ""雞肉略乾""
  ]
}"
7,https://www.google.com/maps/place/%E5%B8%83%E9%BA%A5%E5%8A%A0/data=!4m7!3m6!1s0x3467e5b27f5a4e6f:0x7e3c07634593d1b1!8m2!3d24.7467098!4d121.7497044!16s%2Fg%2F11h_tb36rl!19sChIJb05af7LlZzQRsdGTRWMHPH4?authuser=0&hl=zh-TW&rclk=1,布麥加,4.4,93,$,小吃店,農權路249號,https://lh5.googleusercontent.com/p/AF1QipO1o9Axj0Lf7qnU8OHbMTEQ_bveinEgRIznak2b=w163-h92-k-no,"24.7467098, 121.7497044","({'A': {'無糖': 3, '免洗': 3, '內用': 2, '最基本': 1, '一般': 1}, 'Na': {'老闆': 13, '飯': 11, '餐具': 11, '冰淇淋': 10, '環保': 9, '紅茶': 8, '便當': 8, '店家': 7, '學生': 5, '佛心': 5, '人': 5, '冰': 5, '菜': 4, '老闆娘': 4, '餐點': 3, '雞腿': 3, '油': 3, '飲料': 3, '口味': 3, '碗': 2, '們': 2, '骨': 2, '星': 2, '份量': 2, '味道': 2, '品質': 2, '選擇': 2, '評價': 2, '耗味': 2, '價格': 2, '冰品': 2, '主餐': 2, '價位': 2, '預算': 2, '5星': 2, '芋頭': 2, '主菜': 1, '名稱': 1, '都長': 1, '基本': 1, '速度': 1, '商家': 1, '雙主菜': 1, '套餐': 1, '在地人': 1, '心理': 1, '作用': 1, '泡麵': 1, '地圖': 1, '胃口': 1, '水餃': 1, '豆花': 1, '腿庫飯': 1, '大盤': 1, '魯肉飯': 1, '肉': 1, '青春': 1, '茶': 1, 'po文': 1, '肚子': 1, '冰淇淋😂': 1, '雞腿麵': 1, '炸雞': 1, '筆': 1, '水🤬': 1, '者': 1, '炸雞腿': 1, '結果': 1, '問題': 1, '評論': 1, '續飯': 1, '食安': 1, '食物': 1, '皮': 1, '顧客': 1, '鮮魚': 1, '飯菜': 1, '値': 1, '剩菜': 1, '臭酸味': 1, '常客': 1, '消費者': 1, '座位': 1, '態度': 1, '性': 1, '員工': 1, '老闆人': 1, '電話': 1, '小姐': 1, '口氣': 1, '生意': 1, '大門': 1, '位置': 1, '時候': 1, '人\u2060\xa0\u2060': 1, '福音': 1, '白飯': 1, '主食': 1, '滷蛋': 1, '芋冰': 1, '顆粒': 1, '功德': 1, '期間': 1, '意識': 1, '菜單': 1, '用料': 1, '錢': 1, '叭噗': 1, '同學': 1, '賣點': 1, '地方': 1, '排骨飯': 1, '留言': 1, '福氣': 1, '福報': 1, '滷肉': 1}, 'Nb': {'宜大': 1, '對😆 ': 1}, 'Nh': {'我': 13, '你': 3, '自己': 3, '大家': 2, '我們': 2, '它': 2, '妳': 1}},)","{
""pros"": [
""無糖豆漿很香濃"",
""豆漿很濃郁好喝"",
""價格便宜""
],
""cons"": [
""店面較小""
]
}"
8,https://www.google.com/maps/place/%E6%AD%A1%E5%96%9C%E5%A0%82+%E4%BE%BF%E7%95%B6-%E5%BF%AB%E9%A4%90/data=!4m7!3m6!1s0x3467e4ec845fc131:0xcc0a0dc36ac00917!8m2!3d24.7448092!4d121.7445255!16s%2Fg%2F11c1wsxc9_!19sChIJMcFfhOzkZzQRFwnAasMNCsw?authuser=0&hl=zh-TW&rclk=1,歡喜堂便當,4.5,160,$,便當,女中路三段129號,https://lh5.googleusercontent.com/p/AF1QipPmwoMY8R0SBG9hRtudxS5MC-dH9ZkzoXKQJftL=w80-h106-k-no,"24.7448092, 121.7445255","({'A': {'個別': 1, '非': 1, '溫體': 1, '無糖': 1, '在地': 1}, 'Na': {'菜': 12, '便當': 9, '雞排': 6, '學生': 5, '味道': 5, '雞腿': 5, '荷包蛋': 4, '餐點': 4, '老闆': 4, '價格': 4, '配菜': 3, '餐': 3, '份量': 3, '豬排': 3, '湯': 3, '蝸牛': 3, '店員': 3, '炒飯': 3, '雞排飯': 2, '鯖魚': 2, '飯量': 2, '湯品': 2, '雞': 2, '紅茶': 2, '佛心': 2, '熱湯': 2, '時間': 2, '時候': 2, '東西': 2, '老闆娘': 2, '飲料': 2, 'CP值': 2, '茶': 2, '香菇': 2, '雞飯': 2, '速度': 2, '炸雞排': 2, '食物': 2, '韓式': 1, '門': 1, '帽子': 1, '口罩': 1, '人員': 1, '檸檬': 1, '感覺': 1, '同學': 1, '味素': 1, '炸物': 1, '肉質': 1, '萬物': 1, '滷蛋': 1, '值': 1, '族群': 1, '消費': 1, '價錢': 1, '糖麥': 1, '香腸': 1, '雷 ': 1, '結果': 1, '咖哩味😍 ': 1, '碗': 1, '公道': 1, '人': 1, '素肉': 1, ' 點': 1, '私心': 1, '蛋花湯': 1, '菜飯': 1, '店家': 1, '良心': 1, '肉': 1, '小吃': 1, '排骨飯': 1, '排骨': 1, '骨頭': 1, '炸排骨': 1, '麥茶': 1, '甜度': 1, '主菜': 1, '麵': 1, '營養': 1, '客人餐': 1, '胡椒': 1, '男友': 1, '咖哩': 1, '粉醃': 1, '高麗菜': 1, '小孩': 1, '物價': 1, '品質': 1, '職業婦女': 1, '幫手🥺': 1, '雞腿飯': 1, '招牌飯': 1, '時期': 1, '最愛': 1, '變👍 ': 1, '禮拜': 1, '蒼蠅': 1, '平價': 1, '旗魚': 1, '單點': 1, '大學生': 1}, 'Nb': {'阿就': 1, '阿  ': 1}, 'Nh': {'我': 14, '他們': 7, '自己': 1, '本人': 1}},)","{
""pros"": [
""有提供溫體豬肉便當"",
""口味偏清淡，符合不少人喜好"",
""價格合理""
],
""cons"": [
""部分菜色偏油膩""
]
}"
9,https://www.google.com/maps/place/%E8%AA%A0%E6%84%8F+%E6%B1%A0%E4%B8%8A%E4%BE%BF%E7%95%B6/data=!4m7!3m6!1s0x3467e4e998a7aeb1:0x966b2e5020d76069!8m2!3d24.7473105!4d121.7494965!16s%2Fg%2F11cp7vgmvw!19sChIJsa6nmOnkZzQRaWDXIFAua5Y?authuser=0&hl=zh-TW&rclk=1,誠意 池上便當,4.4,57,$$,便當,神農路一段17號,https://lh5.googleusercontent.com/p/AF1QipNN7fWwyusfQGYgs6_-hdfxWmKsCFmZte0t4TWh=w163-h92-k-no,"24.7473105, 121.7494965","({'A': {}, 'Na': {'便當': 19, '特餐': 9, '菜': 7, '勞工': 4, '飯': 4, '價位': 3, '主菜': 3, '老闆': 3, '錢': 3, '價格': 3, '餐點': 3, '份量': 2, '變化': 2, '老闆娘': 2, '排骨': 2, '誠意': 2, '香腸': 2, '平價': 2, '胡椒': 2, '肉': 2, '油': 2, '菜色': 2, '氣氛': 2, '食怪': 1, '人': 1, '辣仔雞丁': 1, '鹹酥雞': 1, '紅糟': 1, '排骨酥': 1, '酥肉': 1, '豬柳': 1, '雞丁': 1, '麻婆': 1, '豆腐': 1, '整體': 1, '滷汁': 1, '雞捲': 1, '公司團': 1, '菜飯': 1, '肉卷': 1, '滷蛋': 1, '物價': 1, '缺點': 1, '白飯': 1, '配菜': 1, '機會': 1, '時候': 1, '疏失': 1, '總類': 1, '價錢': 1, '豬肉': 1, '滷雞腿': 1, '棒棒腿': 1, '飲料': 1, '阿姨人': 1, '眼色': 1, '肉羹': 1, '料': 1, '飯菜': 1, '名': 1, '賣點': 1, '膩份量': 1, '店家人': 1, '樣式': 1, '老闆娘人': 1, '生意': 1, '豬柳超': 1, '❤️': 1, ' 料': 1, '環境衛生': 1, '態度': 1, '口味': 1, '口碑': 1, '飲食': 1, '最愛': 1, 'CP值': 1}, 'Nb': {'便當🍱 ': 1}, 'Nh': {'我': 5, '自己': 1, '您': 1, '他': 1}},)","{""pros"": [""便當種類豐富，選擇多樣"", ""菜色新鮮美味，份量充足"", ""環境乾淨整潔""], ""cons"": [""價格偏高"", ""部分菜色偏油膩"", ""飲料選擇不多""]}"
10,https://www.google.com/maps/place/%E6%96%87%E6%B9%AF%E6%AD%A6%E9%86%AC-%E5%AE%9C%E8%98%AD%E7%A5%9E%E8%BE%B2%E5%BA%97%28%E6%BB%B7%E5%91%B3%EF%BC%89/data=!4m7!3m6!1s0x3467e547fb18910f:0xb0f17179753328b5!8m2!3d24.7480928!4d121.7497508!16s%2Fg%2F11t0t7wsc4!19sChIJD5EY-0flZzQRtSgzdXlx8bA?authuser=0&hl=zh-TW&rclk=1,文湯武醬,4.8,248,$$,滷味,神農路一段57號,https://lh5.googleusercontent.com/p/AF1QipP9R-uxHFBVsvIG8BIadqQ0NQ9zS-j7sTPjqZab=w122-h92-k-no,"24.7480928, 121.7497508","({'A': {'麻辣': 6, '內用': 3, '五星': 1}, 'Na': {'湯頭': 12, '鴨血': 11, '滷味': 8, '口味': 6, '豚骨湯': 6, '豆腐': 5, '湯': 5, '店家': 4, '辣度': 4, '老闆': 4, '店員': 4, '豚骨': 4, '東西': 4, '人': 3, '餐點': 3, '環境': 3, '量': 3, '王子麵': 3, '活動': 3, '冷氣': 3, '味道': 3, '朋友': 3, '價錢': 3, '玉米筍': 2, '小白菜': 2, '濃度': 2, '蔬菜': 2, '老闆人': 2, '經典': 2, '麻辣湯': 2, '濃韻': 2, '沙茶醬': 2, '義式': 2, '牛腱': 2, '食材': 2, '人員': 2, '花椰菜': 1, '麻煩': 1, '售價': 1, '品質': 1, '用料': 1, '翠玉': 1, '白菜': 1, ' 豚骨': 1, '價位': 1, '平價': 1, '麻': 1, '興趣': 1, '香味': 1, '顧客': 1, '嘗試': 1, '樣': 1, '福品': 1, '水準': 1, '喝光光': 1, '唸通關密語': 1, '王子': 1, '麵': 1, '時候': 1, '錢': 1, '點法': 1, '湯滷味': 1, '辛味': 1, '乾滷味': 1, '風味醬': 1, '牛肚': 1, '口感': 1, '柴': 1, '店面': 1, '禮貌': 1, '酒精': 1, '母湯': 1, '餐具': 1, '食物': 1, '臭豆腐': 1, '大腸': 1, '大小': 1, 'Q度': 1, '層次': 1, '辣油': 1, '整體': 1, '麻辣燙': 1, '競爭': 1, '農權': 1, '品項': 1, '競爭力': 1, '消費者': 1, '星': 1, '評價': 1, '火鍋': 1, '料點': 1, '加微辣': 1, '點心': 1, '員工': 1, '態度': 1, '鑫鑫腸': 1, '戳洞': 1, '湯汁': 1, '湯頭👍': 1, '闆娘': 1, '湯底': 1, '帥哥': 1, '美女': 1, '香麻': 1, '大辣': 1, '味道👍': 1, '位子': 1, '份量': 1, '水蓮': 1, '小辣': 1, '醬👍': 1, '沙茶': 1, '問題': 1, '老闆辣': 1, '貢丸': 1, '工作': 1, '友人': 1, '重點': 1, '面子': 1, '照片': 1, '會員': 1, '菜': 1, 'cp值': 1, '分數': 1, '女': 1, '方案': 1, '火鍋料': 1, '數量': 1, '比例': 1, '橡皮筋': 1, '感覺': 1, 'CP值': 1}, 'Nb': {'復興': 1, '王子麵': 1, '多星': 1}, 'Nh': {'我': 13, '他們': 4, '個人': 3, '我們': 3, '你們': 2, '自己': 1, '他': 1}},)","{""pros"": [""湯頭濃郁香醇"", ""食材新鮮美味"", ""價格合理""], ""cons"": [""內用座位較少""]}"
11,https://www.google.com/maps/place/%E8%80%81%E9%A5%95%E6%BB%B7%E5%91%B3/data=!4m7!3m6!1s0x3467e4e9c43ec729:0x741bc928ddb06e2a!8m2!3d24.7483179!4d121.7497818!16s%2Fg%2F1ts3cbz2!19sChIJKcc-xOnkZzQRKm6w3SjJG3Q?authuser=0&hl=zh-TW&rclk=1,老饕滷味,3.9,184,$$,滷味,復興路二段1號,https://lh5.googleusercontent.com/p/AF1QipNmI78jYzCHjTXvHCpB6BQkO_veiyNVV7WFltE0=w80-h106-k-no,"24.7483179, 121.7497818","({'A': {'一般': 1, '惟一': 1, '內用': 1, '霹靂': 1}, 'Na': {'滷味': 12, '價格': 10, '東西': 8, '食材': 6, '味道': 5, '湯頭': 5, '客人': 4, '手': 4, '態度': 4, '價錢': 3, '錢': 3, '口味': 3, '高麗菜': 3, '食物': 3, '豆皮': 2, '辣椒': 2, '反應': 2, '麵': 2, '老闆': 2, '衛生': 2, '習慣': 2, '袋子': 2, '意麵': 2, '調味料': 2, '水': 2, '滷汁': 2, '蘿蔔': 2, '盤子': 2, '老闆娘': 2, '素腰花': 1, '豆乾': 1, '青菜類': 1, '空心菜': 1, '白蘿蔔': 1, '超不衛生': 1, '黑輪': 1, '百葉': 1, '甜不辣': 1, '地方': 1, '衣服': 1, '鴨胗': 1, '味': 1, '碗': 1, '老板': 1, '地': 1, '雞絲麵': 1, '枱': 1, '酒精': 1, '單子': 1, '夾子': 1, '湯': 1, '豆芽菜': 1, '餐': 1, '心情': 1, '順序': 1, '整數': 1, '值': 1, '醬油': 1, '美味': 1, '人': 1, '滷青菜': 1, '辣粉': 1, '程度': 1, '店家': 1, '山茼蒿': 1, '豬肉片': 1, '遺憾': 1, '闆娘': 1, '時候': 1, '鈔': 1, '大鈔': 1, '生意': 1, '貢丸': 1, '經典': 1, '辣醬': 1, '5星級': 1, '電視': 1, '布袋戲': 1, '黑木耳': 1, '昆布': 1, '兄弟倆': 1, '家人': 1, '老闆娘人': 1}, 'Nb': {'阿弟': 1}, 'Nh': {'自己': 2, '你': 2, '他': 1, '他們': 1, '我們': 1, '我': 1}},)","{
""pros"": [
""滷味口味不錯，很多人都愛吃"",
""份量很多，可以吃得很飽"",
""價格合理，CP值很高""
],
""cons"": [
""環境有點擁擠，內用空間較小"",
""有些菜色可能偏鹹""
]
}"
12,https://www.google.com/maps/place/%E5%AE%9C%E8%98%AD%E9%AB%98%E5%B8%AB%E5%82%85%E6%BB%B7%E5%91%B3+%E5%AE%9C%E8%98%AD%E5%BA%97/data=!4m7!3m6!1s0x3467e4e9536820f9:0xe58903d344a8a1fe!8m2!3d24.7445454!4d121.7484896!16s%2Fg%2F11cnbd7c08!19sChIJ-SBoU-nkZzQR_qGoRNMDieU?authuser=0&hl=zh-TW&rclk=1,宜蘭高師傅滷味,4.5,310,$$,滷味,進士路108-1號,https://lh5.googleusercontent.com/p/AF1QipP7J23m_zKZXMAerf2rU656f9L5I-4mVGIJQFy6=w80-h106-k-no,"24.7445454, 121.7484896","({'A': {'內用': 1, '超大': 1, '開放式': 1, '高檔': 1, '主要': 1, '一般': 1, '唯一': 1}, 'Na': {'老闆': 6, '麵': 6, '湯頭': 6, '蒼蠅': 5, '店家': 4, '店員': 4, '味道': 4, '價格': 4, '口味': 4, '食材': 3, '人': 3, '蔬菜': 3, '食物': 3, '態度': 3, '滷味': 2, '高麗菜': 2, '平價': 2, '吧檯': 2, '種類': 2, '老闆娘': 2, '❤️': 2, '酸菜': 2, '大學生': 2, '小辣': 2, '生意': 2, '️': 2, '府': 1, '星✨  ': 1, '⋯⋯': 1, '外送員': 1, '單': 1, '🥺': 1, '熊貓': 1, '菜梗': 1, '雞肉丸': 1, '份量': 1, '問題': 1, '品項': 1, '奶油': 1, '白菜': 1, '王子': 1, '香氣': 1, '喉': 1, '甜味': 1, '選擇': 1, '組合': 1, '空間': 1, '闆娘': 1, '思👍': 1, '料': 1, '方案': 1, '生食': 1, '趕蠅器': 1, '面積': 1, '距離': 1, '鴨血': 1, '豬血': 1, '重點': 1, '老闆帥': 1, '三樣': 1, '嘻皮值': 1, '酒': 1, '辣椒': 1, 'cp值': 1, '碗': 1, '料理': 1, '整體': 1, '肉片': 1, '錢': 1, '五臟六腑': 1, '茼蒿': 1, '豬血糕': 1, '水': 1, '臉書': 1, '王子麵': 1, '豆皮': 1, '晚餐': 1, '感覺': 1, '家人': 1, '蒸煮麵': 1, '水蓮': 1, '肉': 1, '微辣感': 1, '菜單': 1, '環境': 1, '地方': 1, '櫃子': 1, '女': 1, '工讀生': 1, '笑容': 1, '主顧': 1, '經驗': 1, '朋友': 1, '宵夜': 1, '首選': 1, '電話': 1, '☺': 1, '❤': 1, '缺點': 1, '桌子': 1, '東西': 1}, 'Nb': {'許久😓  ': 1}, 'Nh': {'我': 7, '他們': 4, '自己': 1, '你們': 1, '它': 1, '他': 1}},)","{
""pros"": [
""食材新鮮"",
""份量十足"",
""口味獨特""
],
""cons"": [
""店面較小"",
""環境略顯擁擠""
]
}"
13,https://www.google.com/maps/place/%E4%B8%83%E5%98%B4%E5%85%AB%E8%88%8C%E9%9F%93%E9%A2%A8%E6%BB%B7%E5%91%B3/data=!4m7!3m6!1s0x3467e4e96db650a9:0xa1b9db7913ea547a!8m2!3d24.7461331!4d121.7492091!16s%2Fg%2F1tn03jr4!19sChIJqVC2benkZzQRelTqE3nbuaE?authuser=0&hl=zh-TW&rclk=1,七嘴八舌韓風滷味,4.0,240,$$,滷味,神農路一段68號,https://lh5.googleusercontent.com/p/AF1QipNGXP2PqShxz9EZQq8hujFCgQuvHcGJXcmH1Agp=w122-h92-k-no,"24.7461331, 121.7492091","({'A': {'麻辣': 4, '內用': 2, '急性': 1, '單': 1}, 'Na': {'店員': 7, '豬肉片': 7, '時候': 6, '老闆娘': 6, '人': 6, '肉片': 5, '滷味': 5, '店家': 5, '高麗菜': 4, '鴨血': 4, '錢': 4, '湯頭': 4, '東西': 4, '態度': 3, '豆芽菜': 3, '客人': 3, '時間': 3, '老闆': 3, '杏鮑菇': 2, '味': 2, '順序': 2, '小時': 2, '晚餐': 2, '食物': 2, '食材': 2, '味道': 2, '評論': 2, '星': 2, '餐點': 2, '品質': 2, '重點': 2, '蟹餃': 2, '顧客': 2, '號碼牌': 2, '小姐': 2, '片量': 1, '邊角': 1, '蔬菜': 1, '樣': 1, '機會': 1, '單價': 1, '泡菜辣': 1, '豚骨': 1, '回答': 1, '結果量': 1, '豆腐': 1, '王子麵': 1, '碗': 1, '菜蟲': 1, '腸胃炎': 1, '肉': 1, '員工': 1, '感覺': 1, '基本': 1, '小辣': 1, '牛肉': 1, '蘿蔔': 1, '溏心蛋': 1, '人員': 1, '米血糕': 1, '菜籃': 1, '湯': 1, '頭': 1, '價格': 1, '大陸妹': 1, '頻率': 1, '問題': 1, '分量': 1, '鴨': 1, '血\U0001f972': 1, '次數': 1, '地方': 1, '豬皮': 1, '豬腥味': 1, '黑色': 1, '肉品': 1, '禮貌': 1, '大一': 1, '大四': 1, '暖意': 1, '稱呼': 1, '學生': 1, '關係': 1, '善意': 1, '兒子': 1, '小孩子': 1, '衛生': 1, '環境': 1, '冬粉': 1, '科學麵': 1, '小弟': 1, '等': 1, ' 媽的': 1, '瞎子': 1, '蝦': 1, '屁股': 1, '瀉藥': 1, '本事': 1, '電話': 1, '料': 1, '價錢': 1, '麻辣豚骨': 1, '外袋': 1, '朋友': 1, '阿姨人': 1, '原因': 1, '帳': 1, '🐔肉': 1, '豬': 1, '血糕': 1, '生平': 1, '噌湯': 1, '肚子': 1, '心': 1}, 'Nb': {' 爾後': 2, '麻吉': 1, '林煮': 1, '湯種': 1}, 'Nh': {'我': 36, '他': 4, '自己': 4, '她': 3, '你們': 2, '我們': 1, '你': 1, '妳們': 1, '她們': 1, '大家': 1}},)","{""pros"": [""麻辣口味很香，滷味處理得不錯"", ""選擇多樣，可以滿足不同需求"", ""環境乾淨，用餐體驗不錯""], ""cons"": [""內用空間較小"", ""價格稍高""]}"
14,https://www.google.com/maps/place/%E5%91%BC%E9%BA%BB%E5%B7%9D%E8%9C%80%E9%BA%BB%E8%BE%A3%E6%BB%B7%E5%91%B3/data=!4m7!3m6!1s0x3467e55982fe36f7:0xa64923def98328c8!8m2!3d24.74885!4d121.751781!16s%2Fg%2F11rvjdk50b!19sChIJ9zb-glnlZzQRyCiD-d4jSaY?authuser=0&hl=zh-TW&rclk=1,呼麻川蜀麻辣滷味,4.7,201,$$,滷味,復興路一段63號,https://lh5.googleusercontent.com/p/AF1QipMin5h67vblHaIvrV8BJpGyQqCSCm982Y8u3Akg=w122-h92-k-no,"24.7488500, 121.7517810","({'A': {'麻辣': 8, '超大': 1, '一般': 1, '內用': 1}, 'Na': {'湯頭': 10, '鴨血': 5, '味道': 5, '價格': 5, '老闆': 5, '食材': 5, '湯底': 4, '滷味': 4, '套餐': 4, '人': 4, '湯': 3, '價位': 3, '菜': 3, '活動': 3, '時候': 3, '麻奶': 2, '丸子': 2, '單點': 2, '口味': 2, '油': 2, '料': 2, '店員': 2, '橡皮筋': 2, '滷肉飯': 2, '選擇': 2, '小辣': 2, '資族': 2, '首選': 2, '環境': 2, '老闆娘': 2, '麻奶湯': 2, '點': 1, '香菇': 1, '芹菜': 1, '麵條': 1, '海帶': 1, '蛤仔': 1, '最愛': 1, '芋頭': 1, '豆皮': 1, '山茼蒿': 1, '滷味餐': 1, '集點卡': 1, '貓霸': 1, '珍奶': 1, '豆腐': 1, '煲湯': 1, '店名': 1, '麻辣味': 1, '中藥味': 1, '麻辣燙': 1, '餐點': 1, 'NT': 1, '鹹度': 1, '白飯': 1, '蛤蠣': 1, '配菜': 1, '小店': 1, '座位': 1, '上秤': 1, '麵食': 1, '肉': 1, '青菜': 1, '鹹醬': 1, '蔬菜': 1, '顏色': 1, '速度': 1, '口感': 1, '組合': 1, '直接點': 1, '飯麵類': 1, '品項': 1, '火鍋': 1, '辣度': 1, '麻牛': 1, '集點': 1, '麻辣鴨': 1, '血臭': 1, '豆腐煲': 1, '飲料': 1, '朋友': 1, '廠商': 1, '衛生紙': 1, '水分': 1, '網路': 1, '鴨': 1, '血': 1, '蔬菜人': 1, '東西': 1, '梗': 1, '錢': 1, '麻辣鍋': 1, '宵夜': 1, '店家': 1, '方式': 1, '關係': 1, '數量': 1, '火鍋湯': 1, '火鍋湯滷味': 1, '️': 1, '鍋子': 1, '🤣🤣🤣': 1, '原價': 1, '重量': 1, '😂😂': 1, '蔬菜類': 1, '粿條': 1, '麻': 1, '音量': 1, '聲音': 1, '住戶': 1, '三字經': 1, '路': 1, '香': 1, '重點': 1, '老闆帥': 1, '員工': 1, '保齡球': 1, '豬腳': 1, '美味': 1, '玉米筍': 1, '玉頭條': 1, '水晶餃': 1, '玉米': 1, '麵': 1, '巧思': 1, '平價': 1, '實材': 1, '湯味': 1, '辣麻': 1, '喉': 1, '大人人': 1, '大骨': 1, '整體': 1, '空間': 1, '選料': 1, '湯頭神': 1, '泡菜湯': 1, '口': 1, '❤️': 1, '超讚👍  ': 1, '乾麵': 1, '奶味': 1, '辣味': 1, '洗手乳': 1, '酒精': 1, '麵筋': 1, '耗味': 1}, 'Nb': {'美❤': 1}, 'Nh': {'我': 4, '自己': 4, '他們': 2, '大家': 2, '你': 1}},)","{""pros"": [""麻辣口味很香很夠味"", ""份量很大"", ""內用環境舒適""], ""cons"": [""口味偏重"", ""價格偏高""]}"
15,https://www.google.com/maps/place/%E7%99%BD%E5%B8%9D%E5%9F%8E%E5%AE%9C%E8%98%AD%E5%BA%97/data=!4m7!3m6!1s0x3467e5dd05dbccd9:0x25d7ce8e02b6f457!8m2!3d24.7472774!4d121.7496217!16s%2Fg%2F11t3y3m4vl!19sChIJ2czbBd3lZzQRV_S2Ao7O1yU?authuser=0&hl=zh-TW&rclk=1,白帝城宜蘭店,4.9,122,$$,滷味,神農路一段126號,https://lh5.googleusercontent.com/p/AF1QipPllMCLdFwdu3gyR74XeOYT8qhprxEEP0_OWBMH=w122-h92-k-no,"24.7472774, 121.7496217","({'A': {'麻辣': 4, '非': 1, '超大': 1, '內用': 1, '單一': 1}, 'Na': {'湯頭': 12, '滷味': 7, '價格': 5, '味道': 5, '口味': 4, '環境': 4, '人': 3, '老闆娘': 3, '老闆': 3, '料': 3, '選擇': 3, '態度': 3, '冷氣': 2, '種類': 2, '套餐': 2, '整體': 2, '禮拜': 2, '辣度': 2, '食材': 2, '份量': 2, '招牌': 2, 'CP值': 2, '時間': 2, '小辣': 2, '湯底': 2, '店面': 1, '店員': 1, '新台幣': 1, '澱粉': 1, '熱量': 1, '晚餐': 1, '困難症': 1, '學區': 1, '地': 1, '牛肉片': 1, '麻辣燙': 1, '人員': 1, '朋友': 1, '鴨血': 1, '辣粉': 1, '經過': 1, '口味🥰': 1, '川式': 1, '闆娘人': 1, '衛生': 1, '人情味': 1, '裝潢': 1, '東西': 1, '單品': 1, '空間': 1, '方面': 1, '單價': 1, '特色': 1, '晚所以': 1, '星': 1, '份': 1, '媳婦': 1, '川味': 1, '價錢': 1, '魯味': 1, '姊姊人': 1, '食物': 1, '最愛': 1, '公道': 1, '香味': 1, '麻': 1, '沙茶': 1, '魷魚': 1, '片': 1}, 'Nb': {'宜大': 1}, 'Nh': {'我': 5, '他們': 2, '你': 1}},)","{
  ""pros"": [
    ""滷味麻辣夠味"",
    ""份量超大"",
    ""內用環境舒適""
  ],
  ""cons"": [
    ""口味偏單一""
  ]
}"
16,https://www.google.com/maps/place/%E7%A6%8F%E5%93%81%E6%BB%B7%E5%91%B3/data=!4m7!3m6!1s0x3467e4e900000001:0x2ee09c9c35825ab6!8m2!3d24.7448344!4d121.7502888!16s%2Fg%2F11c2lrlfvd!19sChIJAQAAAOnkZzQRtlqCNZyc4C4?authuser=0&hl=zh-TW&rclk=1,福品滷味,4.5,397,$,滷味,女中路二段470號,https://lh5.googleusercontent.com/p/AF1QipOFuwnMCZkYjRh_RwlXCYRvrDHNe-I-A7UTi6zT=w122-h92-k-no,"24.7448344, 121.7502888","({'A': {'超級': 3, '主要': 1, '慈善': 1, '內用': 1}, 'Na': {'滷味': 15, '味道': 8, '價格': 7, '學生': 7, 'CP值': 6, '王子麵': 6, '老闆': 6, '人': 5, '店家': 5, '湯': 5, '酸菜': 5, '碗': 4, '湯頭': 4, '老闆娘': 4, '份量': 4, '高麗菜': 3, '冷氣': 3, '蔥花': 3, '單價': 3, 'cp值': 3, '食材': 3, '福品': 2, '機車': 2, '豆皮': 2, '佛心': 2, '宵夜': 2, '平價': 2, '湯汁': 2, '朋友': 2, '口味': 2, '滷汁': 2, '蛋': 2, '魯汁': 2, ' 點': 1, '麵類': 1, '麵': 1, '桌子': 1, '牆壁': 1, '甜不辣': 1, '香氣': 1, '香辣': 1, '辣椒': 1, '豆瓣醬': 1, '交通': 1, '工具': 1, '豆包': 1, '豆干': 1, '豬頭皮': 1, '基本': 1, '生意': 1, '魚蛋': 1, '爽感': 1, '萬物': 1, '時期': 1, '員工': 1, '一生': 1, '錢': 1, '量': 1, '感覺': 1, '圖片': 1, '肚子': 1, '良心價': 1, '價位': 1, '湯底': 1, ' 點餐一律': 1, '絲瓜': 1, '水晶餃': 1, '滷蛋': 1, '芋籤': 1, '豬肉片': 1, '牛肉丸': 1, '大學生': 1, '同事': 1, '雞腳': 1, '鴨翅': 1, '最愛': 1, '柴': 1, '真對味': 1, '們': 1, '滷味麵': 1, '本領': 1, '兵家': 1, '地': 1, '者': 1, '師傅': 1, '名單': 1, '標準': 1, '色': 1, '香': 1, '味': 1, '空心菜': 1, '米腸': 1, '肉片': 1, '花干': 1, '小黃瓜': 1, '蘿蔔': 1, '夥伴': 1, '飲食': 1, '超平價': 1, '亂點': 1, '經濟': 1, '物價': 1, '告示': 1, '餐食': 1, '優勢': 1, '牛肉片': 1, '肉類': 1, '點粄條': 1, '菜': 1, '肉': 1, '價錢': 1, '香油': 1, '低消': 1, '種類': 1, '醬': 1, '蒜蓉': 1, '環境': 1, '環保': 1, '餐具': 1, '湯匙': 1, '筷子': 1, '碗公': 1, '空間': 1, '晚餐': 1, '星覺': 1, '口感': 1, '惡': 1, '層次感': 1, '醬油': 1, '✨️': 1, '族群': 1, '首選': 1, '❤️': 1, '時間': 1, '在地人': 1, '餐點': 1, '風味': 1, '玉米筍': 1, '觀感': 1, '香菇': 1, '貢丸': 1}, 'Nb': {'祝福品': 1, '高': 1, '❤️': 1}, 'Nh': {'我': 5, '自己': 2, '你': 2, '他': 2, '她': 1, '大眾': 1, '個人': 1}},)","{
  ""pros"": [
    ""滷味種類豐富"",
    ""口味獨特"",
    ""價格合理""
  ],
  ""cons"": [
    ""空間較小""
  ]
}"
17,https://www.google.com/maps/place/%E5%9C%A8%E8%BE%A3%E9%82%8A%E5%B7%9D%E8%9C%80%E9%BA%BB%E8%BE%A3%E6%BB%B7%E5%91%B3/data=!4m7!3m6!1s0x3467e4e9696f9d3b:0x7c5f2630a39dbdcf!8m2!3d24.7458644!4d121.7491257!16s%2Fg%2F11g6xrzm_n!19sChIJO51vaenkZzQRz72dozAmX3w?authuser=0&hl=zh-TW&rclk=1,在辣邊川蜀麻辣滷味,4.6,426,$$,滷味,神農路一段52號,https://lh5.googleusercontent.com/p/AF1QipPtCzc8vHNYiqv9jbw5iIq4sl9xVoJX3ewnI3tn=w122-h92-k-no,"24.7458644, 121.7491257","({'A': {'麻辣': 6, '中': 1, '唯一': 1, '內用': 1, '一般': 1, '口服': 1}, 'Na': {'價格': 11, '滷肉飯': 8, '老闆': 8, '人': 8, '滷味': 7, '店員': 7, '湯頭': 7, '味道': 6, '東西': 6, '臭豆腐': 5, '鴨血': 5, '小辣': 4, '椒麻醬': 3, '口味': 3, '宵夜': 3, '店家': 3, '態度': 3, '蔬菜': 3, '肉片': 2, '時候': 2, '人員': 2, '辣度': 2, '辣醬': 2, '松阪豬': 2, '嫩雞柳': 2, '培根牛': 2, '椒麻': 2, '麵類': 2, 'CP值': 2, '用料': 2, '食材': 2, '感覺': 2, '火鍋料': 2, '肉品': 2, '滷肉': 1, '飯': 1, '大豆乾': 1, '丸子類': 1, '單點': 1, '口感': 1, '麵': 1, '柴': 1, '菜單': 1, '一級': 1, '正餐': 1, '競爭': 1, '位置': 1, '特色': 1, '客人': 1, '消費': 1, '👍🏾': 1, '苦味': 1, '沾醬': 1, '朝天椒醬': 1, '喜好': 1, '沾醬🥰': 1, '品項': 1, '製品': 1, '菇類': 1, '如果點': 1, '手工': 1, '蛋餃': 1, '種類': 1, '梅花豬': 1, '滷豬腱肉': 1, '帶骨羊排': 1, '主食': 1, '份量': 1, '缺點': 1, '肚子': 1, '湯': 1, '餐點': 1, '電風扇': 1, '火氣': 1, '音響': 1, '音質': 1, '歌聲': 1, '價錢': 1, '手套': 1, '用心選': 1, '培根': 1, '牛': 1, '肉類': 1, '蔥': 1, '蒜苗': 1, '員工': 1, '知識': 1, '麻辣燙': 1, '意': 1, '️': 1, '照片': 1, '蘿蔔': 1, '豆芽菜': 1, '豆包': 1, '湯底': 1, '麻辣鍋': 1, '一絕': 1, '滋味': 1, '系隊': 1, '球': 1, '晚餐': 1, '環保筷': 1, '魯肉飯': 1, '整體': 1, '環境': 1, '問題': 1, '選擇': 1, '麵食': 1, '😋料': 1, '闆娘': 1, '地方': 1, '味道🤤🤤🤤 #': 1, '地': 1, '美食': 1, '在地人': 1, '老友': 1, '平價': 1, '上餐': 1, '醣心蛋': 1, '香氣': 1, '老闆娘人': 1, '牛肉麵': 1, '顧客': 1, '熱情': 1, '老闆娘': 1, '丸子': 1}, 'Nb': {'大辣': 1, '超爽': 1}, 'Nh': {'我': 11, '他們': 3, '自己': 3, '我們': 2, '你': 1, '他': 1, '大家': 1}},)","{
  ""pros"": [
    ""麻辣口味很夠味"",
    ""滷味種類豐富"",
    ""份量十足""
  ],
  ""cons"": [
    ""內用空間較小""
  ]
}"
18,https://www.google.com/maps/place/%E6%B9%96%E6%BB%B7%E9%AA%A8%E8%A3%A1%E9%A6%99%E7%86%9F%E9%A3%9F%E5%BA%97/data=!4m7!3m6!1s0x3467e55499db6007:0x5cee079557f542b5!8m2!3d24.7472587!4d121.7523818!16s%2Fg%2F11fpqk6rv3!19sChIJB2DbmVTlZzQRtUL1V5UH7lw?authuser=0&hl=zh-TW&rclk=1,湖滷骨裡香熟食店,4.8,36,$,便當,農權路136號1樓,https://lh5.googleusercontent.com/p/AF1QipO8lNUessQmGiFKwHMUwmTHbU49vhuXcczOuOls=w122-h92-k-no,"24.7472587, 121.7523818","({'A': {'麻辣': 2}, 'Na': {'老闆娘': 6, '滷味': 5, '滷肉飯': 3, '味': 3, '老闆娘人': 3, '老闆': 2, '便當': 2, '鴨': 2, '味道': 2, '鳳爪': 1, '乾麵': 1, '加海帶': 1, '豆干': 1, '肉汁': 1, '海帶': 1, '鴨翅': 1, '雞爪': 1, '辣菜': 1, '人': 1, '女': 1, '湖北人': 1, '承襲家': 1, '滋味': 1, '湖': 1, '骨裡': 1, '家鄉味': 1, '親朋好友': 1, '小菜': 1, '套餐': 1, '配菜': 1, '主餐': 1, '虱目魚': 1, '腳香醇': 1, '老闆人': 1, '❤️': 1, '青菜': 1, '變化點': 1, '滷味菜': 1, '血豆腐': 1, '招牌': 1, '魯味': 1, '肉': 1, '朋友': 1, '們': 1, '東西': 1, '闆娘人': 1, '孩子': 1, '湖北味': 1, '豆腐': 1, '特色': 1, '美食': 1, '口味': 1, '愛': 1}, 'Nb': {'魯': 1}, 'Nh': {'我': 2, '她': 1}},)","{
  ""pros"": [
    ""老闆娘親切，滷味好吃"",
    ""麻辣口味不錯"",
    ""餐點選擇多元""
  ],
  ""cons"": [
    ""有些餐點味道偏淡""
  ]
}"
19,https://www.google.com/maps/place/%E8%94%AC%E5%90%A7%E6%BB%B7+%E8%94%AC%E9%A3%9F/data=!4m7!3m6!1s0x3467e50961ef3535:0xa4ad534bad540fa2!8m2!3d24.7463897!4d121.7424353!16s%2Fg%2F11t17dmx03!19sChIJNTXvYQnlZzQRog9UrUtTraQ?authuser=0&hl=zh-TW&rclk=1,蔬吧滷 蔬食,4.6,73,$,小吃店,宜中路55號,https://lh5.googleusercontent.com/p/AF1QipOQpE1hqw5QEVRkTiOq9HBuREOGBZboUoXb8s6s=w122-h92-k-no,"24.7463897, 121.7424353","({'A': {'內用': 6, '彩色': 1, '在地': 1, '真正': 1, '一般': 1}, 'Na': {'滷味': 16, '素食': 6, '人': 6, '炸物': 5, '價格': 5, '朋友': 5, '店家': 5, '老闆娘': 4, '客人': 4, '蔬食': 4, '環境': 4, '東西': 4, '建議': 3, '座位': 3, '價位': 3, '紫米糕': 3, '老闆': 3, '者': 3, '時間': 3, '香氣': 2, '冷氣': 2, '湯頭': 2, '辣椒': 2, '食材': 2, '空間': 2, '量': 2, '口味': 2, '份量': 2, '青菜': 2, '味道': 2, '餐': 2, '葷食': 2, '九層塔': 1, '店員': 1, '溫度': 1, '車位': 1, '小朋友': 1, '菜類': 1, '冷飲': 1, '麵條': 1, '❗': 1, '芋頭粿': 1, '泡麵': 1, '湯': 1, '葡萄汁': 1, '機會': 1, '➡️': 1, '物理': 1, '肉類': 1, '首選': 1, '品項': 1, '光線': 1, '在來': 1, '宜蘭人': 1, '❤️': 1, '味道😋 ': 1, '食物': 1, '單價': 1, '學生': 1, '餐費': 1, '辦法': 1, '夾子': 1, '籃子': 1, '顏色': 1, '時候': 1, '號碼牌': 1, '外帶客': 1, '位置': 1, '消費': 1, '經驗': 1, '地方': 1, '事': 1, '所有人': 1, '餐點': 1, '老闆娘人': 1, '空地': 1, '月租': 1, '料理': 1, '辣油': 1, '杏包菇': 1, '晚餐': 1, '生意': 1, '私心': 1, '眼睛': 1, '業障': 1, '熊貓': 1, '花椰': 1, '主食': 1, '冬粉': 1, '拉麵': 1, '貢丸': 1, '豆皮': 1, '糖心蛋': 1, '酒精': 1, '啤酒': 1, '輕重': 1, '微調': 1, '重點': 1, '錯': 1, '滷汁': 1}, 'Nb': {'️': 2, '荷包🤣🤣': 1}, 'Nh': {'我': 5, '你們': 2, '我們': 2, '大家': 1, '它': 1, '你': 1, '他們': 1, '他': 1}},)","{
  ""pros"": [
    ""餐點口味不錯，符合素食者需求"",
    ""價格合理，份量充足"",
    ""環境乾淨舒適""
  ],
  ""cons"": [
    ""內用座位有限，可能要等候""
  ]
}"
20,https://www.google.com/maps/place/%E9%98%BF%E4%BA%AE%E5%B0%8F%E5%90%83%E9%83%A8/data=!4m7!3m6!1s0x3467e4e9c487f3e5:0xf9800c71e23f5fd5!8m2!3d24.7486017!4d121.7498626!16s%2Fg%2F11xphf15f!19sChIJ5fOHxOnkZzQR1V8_4nEMgPk?authuser=0&hl=zh-TW&rclk=1,阿亮小吃部,4.3,71,$,小吃店,復興路二段2號,https://lh5.googleusercontent.com/p/AF1QipPl5ydRQ80z2uNmc5IrtvDaBSSUEqkmhaWi8y_V=w122-h92-k-no,"24.7486017, 121.7498626","({'A': {'家常': 2, '跨年': 1, '內用': 1}, 'Na': {'炒飯': 5, '餐點': 4, '口味': 4, '老闆娘': 3, '小菜': 3, '便當': 3, '衛生': 2, '蛋包飯': 2, '麵': 2, '海鮮': 2, '菜': 2, '家常菜': 2, '料理': 2, '辣椒': 2, '經濟': 2, '家庭式': 1, '湯': 1, '番茄醬': 1, '蟲': 1, '種類': 1, '燴飯': 1, '菜色': 1, '粿仔': 1, '阿姨': 1, '東西': 1, '宵夜': 1, '首選': 1, '排骨飯': 1, '晚餐': 1, '人': 1, '白飯': 1, '蔬山': 1, '茼蔜': 1, '白帶魚': 1, '排骨': 1, '味道': 1, '口感': 1, '湯品': 1, '蚵仔': 1, '豆腐湯': 1, '先生': 1, '結論': 1, '主食': 1, '肉類': 1, '價錢': 1, '環境': 1, 'CP值': 1, '熱忱': 1, '客人': 1, '高中生': 1, '重點': 1, '價位': 1, '平價': 1, '美食': 1, '家常饞': 1, '豆干': 1, '整體': 1, '魷魚圈': 1, '牛': 1, '羊肉': 1, '菸味': 1, '雞湯': 1, '油雞': 1, '價格': 1, '口袋': 1, '讚👍 ': 1, '小店': 1, '廚藝': 1}, 'Nb': {'耶 ': 1, '阿亮': 1}, 'Nh': {'我': 4, '我們': 2, '個人': 2, '自己': 1, '他們': 1}},)","{""pros"": [""炒飯好吃"", ""價格實惠"", ""份量足""], ""cons"": [""環境較為簡陋""]}"
21,https://www.google.com/maps/place/%E7%81%AB%E7%94%9F%E9%A4%9B%E9%A3%A9%E9%BA%B5%E5%BA%97/data=!4m7!3m6!1s0x3467e4c26139ce3b:0xaad65830cda1a7bc!8m2!3d24.7502949!4d121.7506427!16s%2Fg%2F1v96jj86!19sChIJO845YcLkZzQRvKehzTBY1qo?authuser=0&hl=zh-TW&rclk=1,火生餛飩麵店,4.0,1996,$,小吃店,神農路二段3號,https://lh5.googleusercontent.com/p/AF1QipO37owDs7q-XIqtQmD2ICKg60TwtbOWUsAeYdom=w197-h92-k-no,"24.7502949, 121.7506427","({'A': {'名': 6, '綜合': 3, '日式': 2, '基本': 1, '一般': 1, '煙燻': 1, '內用': 1, '不四用': 1, '絕對': 1, '必備': 1, '五星': 1, '偽': 1, '無名': 1, '台式': 1, '額外': 1, '主要': 1, '唯一': 1, '尖峰': 1, '在地': 1, '特有': 1}, 'Na': {'乾麵': 26, '麻醬麵': 25, '餛飩': 24, '醬油': 22, '店家': 20, '麻醬': 16, '餛飩湯': 16, '麵': 14, '小菜': 13, '老闆': 11, '口感': 11, '豬頭肉': 10, '味道': 10, '碗': 9, '口味': 9, '豆腐': 8, '人': 8, '招牌': 7, '份量': 6, '麵條': 5, '整體': 5, '價格': 5, '眼睛': 5, '店面': 5, '湯': 5, '粉腸': 5, '人潮': 4, '油豆腐': 4, '湯頭': 4, '雙份': 4, '火生': 4, '個性': 3, '古早味': 3, '餐點': 3, '空間': 3, '魚丸湯': 3, '魚丸': 3, '環境': 3, '重點': 3, '地': 3, '生意': 3, '座位': 3, '時間': 3, '餛飩麵': 3, '數量': 3, '嚼勁': 3, '醬': 3, '醬料': 3, '麵體': 3, '順序': 3, '小吃': 3, '機會': 2, '點': 2, '位子': 2, '路': 2, '態度': 2, '美食': 2, '家人': 2, '餛飩皮': 2, '皮蛋': 2, '小店': 2, '大小': 2, '網路': 2, '豆泡': 2, '刀工': 2, '在地人': 2, '餡': 2, '肉': 2, '東西': 2, '豬腦湯': 2, '朋友': 2, '主食': 2, '層次': 2, '皮': 2, '網友': 2, '程度': 2, 'cp值': 2, '庶民': 2, '觀光客': 2, '時段': 2, '特色': 2, '存在感': 2, '炸醬麵': 2, '好處': 2, '粿仔條': 2, '扁食': 2, '同事': 1, '餛飩湯麵': 1, '菜單': 1, '沾醬': 1, '😋 麵': 1, '量': 1, '點法': 1, '豬肉': 1, '油脂': 1, '狀況': 1, '拉麵🤣🤣': 1, '豬耳朵': 1, ' 皮': 1, ' CP值': 1, '偏路': 1, '火': 1, '佛心': 1, '銅板': 1, '時候': 1, '好評': 1, '頭骨肉': 1, '內餡': 1, '胡椒味': 1, '腥味': 1, '先點餐': 1, '薄餡': 1, '小小顆': 1, '辣椒': 1, '豆花': 1, '眼': 1, '桌子': 1, '內容': 1, '  醬': 1, '深色': 1, '種類': 1, '感覺': 1, '甜辣醬': 1, '頭皮': 1, '脆骨': 1, '消費': 1, '規矩': 1, '禮貌': 1, '水水': 1, '店人': 1, '都馬': 1, '建議點': 1, '餡肉': 1, '豬頭皮': 1, '位置': 1, '人氣': 1, '馬': 1, '豬肉類': 1, '評論': 1, '店家杯': 1, '情衷': 1, '💫火': 1, '記憶力': 1, '💫': 1, '菜色': 1, '肉類': 1, '性': 1, '細條': 1, '豬': 1, '腦湯': 1, '圖': 1, '腦': 1, '運氣': 1, '疫情': 1, '碗麵': 1, '基本款': 1, '標準': 1, '標配': 1, '冰桶': 1, '生餛飩': 1, '地址': 1, '正面': 1, '月': 1, '心數': 1, '麵店家': 1, '介紹': 1, '照片': 1, '車位': 1, '附加品': 1, '鐵粉': 1, '厚薄': 1, '餡料': 1, '麵皮': 1, '餛飩顆': 1, '頭家': 1, '滾水': 1, '自熬湯類': 1, '附加料': 1, '油': 1, '小菜類': 1, '豬頭類': 1, '魅力': 1, '難處': 1, '角度': 1, ' 醬': 1, '味精': 1, '嘴': 1, '豆干粒': 1, '物價': 1, '緣故': 1, '麵身': 1, '齒切感': 1, '拉麵': 1, '配菜': 1, '腸衣': 1, '麻糬': 1, '肝連肉': 1, '豬內臟': 1, '豆乾皮': 1, '初四🧧  ': 1, '隊伍': 1, '店員': 1, '佛': 1, '蔥': 1, '料': 1, '麵汁': 1, '辣醬': 1, '紅油': 1, '炒手': 1, '🤤  麵': 1, '醬油麵': 1, '平價': 1, '湯⋯': 1, '歷史': 1, '地方': 1, '骨': 1, '字': 1, '風味': 1, '用料': 1, '經典': 1, '路線': 1, '原因': 1, '基底': 1, '麵團': 1, '外貌': 1, '者': 1, '結果': 1, '麻': 1, '含油量': 1, '濃稠型': 1, '總體': 1, '冷氣': 1, '心理': 1, '芹菜味': 1, '原則': 1, '習慣': 1, '蝦米': 1, '餛飩粿仔條': 1, '純正米': 1, '芹菜': 1, '蔥花': 1, '米香': 1, '豬肉餡': 1, '外皮': 1, '獨特味': 1, '裝潢': 1, ' 🙏🙏': 1, '❤': 1, '️😋😊  本': 1, '紀錄': 1, '經驗': 1, '感受': 1, '星級': 1, '食物': 1, '售價': 1, '衛生': 1, '心得': 1, '意義': 1}, 'Nb': {'豬頭皮': 3, '火生': 2, '普普': 1, '謝': 1, ' 2022.03': 1, '🧧2024': 1, '提香': 1, '謝謝🙏': 1}, 'Nh': {'我': 10, '個人': 7, '它': 3, '你': 3, '大家': 3, '自己': 2, '誰': 2, '本身': 2, '他們': 1, '妳': 1, '您': 1, '各人': 1}},)","{""pros"": [""湯頭很鮮美"", ""份量很足"", ""價格合理""], ""cons"": [""座位比較擁擠""]}"
22,https://www.google.com/maps/place/%E5%BE%A9%E8%88%88%E8%B7%AF%E7%82%B8%E9%86%AC%E9%BA%B5+%E5%AE%9C%E8%98%AD/data=!4m7!3m6!1s0x3467e4e9f5d019e3:0x15d4cfdae28ff6a4!8m2!3d24.7487928!4d121.7481182!16s%2Fg%2F11b66c1d0k!19sChIJ4xnQ9enkZzQRpPaP4trP1BU?authuser=0&hl=zh-TW&rclk=1,復興路炸醬麵,4.3,2236,$,小吃店,復興路二段65號,https://lh5.googleusercontent.com/p/AF1QipO1rUIBIGbLlv1U94MREq2_Wg0fw0BePLgsCKPI=w122-h92-k-no,"24.7487928, 121.7481182","({'A': {'五星': 2, '一般': 2, '超大': 1, '中等': 1, '雙': 1, '大概': 1, '離峰': 1, '尖峰': 1}, 'Na': {'麵': 39, '碗': 27, '炸醬麵': 24, '炸醬': 16, '餛飩': 15, '味道': 14, '份量': 12, '雙醬麵': 11, '麻醬麵': 11, '麻醬': 10, '口感': 9, '人': 9, '湯頭': 8, '湯': 8, '餛飩湯': 7, '丸子湯': 6, '醬': 6, '麵條': 5, '丸子': 5, '排骨': 5, '醬料': 4, '整體': 4, '朋友': 4, '時間': 4, '滷味': 4, '魚丸湯': 4, '香氣': 4, '胡椒粉': 3, '宜蘭麵': 3, '魚丸': 3, '星': 3, '雙醬': 3, '食量': 3, '餡': 3, '排骨湯': 3, '人潮': 3, '量': 3, '小菜': 3, '麵量': 3, '酥湯': 3, '肚子': 3, '️': 2, '陽春麵': 2, '桌': 2, '機會': 2, '口味': 2, '下限': 2, '印象': 2, '星 ': 2, '豆乾': 2, '甜香': 2, '麵醬': 2, '肉餡': 2, '蝦米': 2, '鹹度': 2, '餛飩丸湯': 2, '老闆': 2, '蝦子': 2, '寬麵': 2, '古早味': 2, '大小': 2, '女生': 2, '環境': 2, '醬汁': 2, '庶民': 2, '店名': 2, '下午茶': 2, '店家': 2, '雲吞湯': 2, '現金': 1, '·麵': 1, '建議': 1, '既視感': 1, '辣豆瓣': 1, '魚肉': 1, '男友': 1, '口': 1, '味素': 1, '間份量': 1, '麵炸醬': 1, '碗份量': 1, '麵體': 1, '胡椒': 1, '層次': 1, '差異': 1, '表現': 1, '蔥油餅': 1, '起源': 1, '網路': 1, '雪隧': 1, '卜鴨': 1, '蔥油': 1, '麵薄': 1, '勁韌': 1, '味覺': 1, '兄弟': 1, '距離': 1, '感覺': 1, '四星': 1, '地步': 1, '豆瓣': 1, '甜麵醬': 1, '麻醬味': 1, '麵質本': 1, '通病': 1, '水分': 1, ' 4.3': 1, '品': 1, '軟糯型': 1, '低鮮度': 1, '精肉': 1, '皮帶韌': 1, '比例': 1, '圓潤感': 1, '大骨': 1, '餡少味': 1, '麵🌟': 1, '😋 醬': 1, '辣醬': 1, '白醋': 1, '鹹味': 1, '豬腥味': 1, '  麵': 1, '足': 1, '當地人': 1, '消費': 1, '單子': 1, '飯': 1, '人氣': 1, '醬麵': 1, '碗👍 ': 1, '香麵': 1, '蝦肉': 1, '香甜味': 1, '時候': 1, '餛飩皮': 1, '清香味': 1, '人選': 1, '錯': 1, '地': 1, '品項': 1, '排骨麵': 1, '餛飩面': 1, '丸子面': 1, '粗麵': 1, '包肉餡': 1, '小珍珠': 1, '手指頭': 1, '蝦湯': 1, '麻將': 1, '餛飩丸': 1, '時段': 1, '樣貌': 1, '油膩感': 1, '餡料': 1, '寬細麵': 1, '雲': 1, '蝦米味': 1, '銅板價': 1, '最愛': 1, '咬勁': 1, '色': 1, '香': 1, '味': 1, '腎臟': 1, '負擔': 1, '外省人': 1, '作法': 1, '肉末': 1, '配料': 1, '包內': 1, '排骨肉': 1, '柴': 1, '油': 1, '耗味': 1, '青菜': 1, '美食': 1, '地方': 1, '牛肉麵': 1, '競爭': 1, '口碑': 1, '地利': 1, '菜單': 1, '選擇': 1, '客人': 1, '乾麵': 1, '習慣性': 1, '人龍': 1, '店家單': 1, '閒暇': 1, '芝麻': 1, '香味': 1, '雨露': 1, '麵條量': 1, '麵粉': 1, '缺憾': 1, '皮': 1, '薄餡': 1, '魚丸包': 1, '魚漿': 1, '豬肉餡': 1, '腥味': 1, '辣椒': 1, '甜味': 1, '小時': 1, '自助餐': 1, '陣': 1, '要點': 1, '內餡': 1, '小鳥胃': 1, '碗筷': 1, '特色': 1, '骨頭': 1, '裹粉': 1, '麻將麵': 1, '建議點': 1, '耐心': 1, '男生': 1, '袋💪': 1, '情況': 1, '細麵': 1, '團': 1, '湯底': 1, '蝦味': 1, '甲殼': 1, '青菜類': 1, '營養': 1}, 'Nb': {'維力': 2, ' ⚠': 1, '湯中庸': 1, '雲吞湯': 1, '大推👍 ': 1}, 'Nh': {'我': 10, '自己': 4, '個人': 4, '你': 2, '他們': 1, '我們': 1}},)","{
  ""pros"": [
    ""醬料香濃夠味"",
    ""份量十足"",
    ""價格實惠""
  ],
  ""cons"": [
    ""用餐環境較為簡陋""
  ]
}"
23,https://www.google.com/maps/place/%E5%BE%A9%E8%88%88%E9%B5%9D%E8%82%89/data=!4m7!3m6!1s0x3467e4e9c5ff0507:0xd8b4d4366e9707fe!8m2!3d24.7482413!4d121.7502401!16s%2Fg%2F1wz50g3m!19sChIJBwX_xenkZzQR_geXbjbUtNg?authuser=0&hl=zh-TW&rclk=1,復興鵝肉,4.0,442,$,小吃店,復興路一段129號,https://lh5.googleusercontent.com/p/AF1QipOQ3tjJ34V0H7VoRa2PPTBrSUNHMkjkRAQAVk9T=w92-h92-k-no,"24.7482413, 121.7502401","({'A': {'一般': 2, '黑白': 2, '在地': 2, '獨門': 1, '一定': 1}, 'Na': {'鵝肉': 23, '小菜': 8, '價格': 8, '錢': 7, '店家': 7, '味道': 6, '人': 5, '老闆': 4, '東西': 4, '香菇': 4, '菜單': 3, '份量': 3, '鯊魚煙': 3, '雞湯': 3, '麵': 3, '乾麵': 3, '主食': 3, '青菜': 3, '塑膠袋': 3, '員工': 3, '價錢': 2, '粉腸': 2, '雷': 2, '鵝翅': 2, '重點': 2, '客人': 2, '價位': 2, '豬腸湯': 2, '地': 2, '口感': 2, '口味': 2, '小吃': 2, '招牌': 2, '粥': 2, '滷肉飯': 2, '粿仔': 2, '湯': 2, '碗': 2, '菜': 2, '餐點': 2, '肉燥': 2, '油豆腐': 2, '貴死人': 2, '人數': 1, '多寡': 1, '菜量': 1, '餛飩': 1, '魚丸湯': 1, '韭菜': 1, '豆乾': 1, '豬皮': 1, '彈': 1, '時間': 1, '排骨': 1, '酥湯': 1, '感受': 1, '樣子': 1, '品項': 1, '画單': 1, '餐桌': 1, '問號': 1, '機會': 1, '傻子': 1, '粿仔湯': 1, '環境衛生': 1, '停車位': 1, '路': 1, '麵點': 1, '香菇粥': 1, '胃': 1, '滋味兒': 1, '生意': 1, '鴨肉': 1, '醬': 1, '蒜蓉': 1, '甜辣醬': 1, '  📍': 1, '下水麵': 1, '湯麵': 1, '朋友': 1, '柴': 1, '鵝油': 1, '小菜類': 1, '鵝肉湯麵': 1, '下水湯': 1, '醬料': 1, '配方': 1, '瓜仔雞湯粉': 1, '特調醬': 1, '店👍 ': 1, '特色': 1, '切仔粿仔': 1, '時候': 1, '鵝肉麵': 1, '瓜仔': 1, '雞麵': 1, '標價': 1, '崁': 1, '湯底': 1, '陽春麵': 1, '雞肉': 1, '瓜': 1, '反應': 1, '肉飯': 1, '結果': 1, '鐵絲': 1, '時價': 1, '排骨酥湯': 1, ' 肉': 1, '湯頭': 1, '速度': 1, '粿仔條': 1, '乾米粉': 1, ' 普': 1, '菜頭': 1, '排骨湯': 1, '選項': 1, '醬油膏': 1, '人員': 1, '情況': 1, '星⋯': 1, '地方': 1, '價目表': 1, '牆': 1, '肉': 1, '標示': 1, '金額': 1, '肉份量': 1, '最愛': 1, '店👍🏻': 1, '水': 1, '問題': 1, '紙餐盒': 1, '碗盤': 1, '原因': 1, '成本': 1, '紙': 1, '餐盒': 1, '燈光': 1, '意思': 1, '家人': 1, '黑名單': 1, '盤子': 1, '食材': 1, '水準': 1, '沾醬': 1, '商家': 1, '鹅肉': 1, '嘴': 1, '肉肉質': 1, '没': 1, '美食': 1, '鴨賞': 1}, 'Nb': {'復興': 1, '4.5⭐': 1, '️': 1}, 'Nh': {'我': 11, '他們': 1, '個人': 1, '自己': 1, '誰': 1, '大家': 1}},)","{
  ""pros"": [
    ""在地人推薦的鵝肉店，鵝肉軟嫩好吃"",
    ""價格合理，份量足夠"",
    ""還有其他小吃可以選擇，像是米粉湯、油豆腐""
  ],
  ""cons"": [
    ""環境比較簡陋"",
    ""座位有限，用餐時間可能要等候""
  ]
}"
24,https://www.google.com/maps/place/%E5%BB%A3%E7%B7%A3%E8%85%B8%E7%B2%89%E9%B9%B9%E7%B2%A5+%E5%A5%B3%E4%B8%AD%E5%BA%97/data=!4m7!3m6!1s0x3467e9d891f16097:0xa255e2cfaf99c9b!8m2!3d24.7459801!4d121.740481!16s%2Fg%2F11h1j7wtnb!19sChIJl2DxkdjpZzQRm5z5-ixeJQo?authuser=0&hl=zh-TW&rclk=1,廣緣腸粉鹹粥,4.8,71,$,小吃店,女中路三段301號,https://lh5.googleusercontent.com/p/AF1QipPo_w0lezohW9pa__r_3Xh8sUdcQKXOuDhueNlc=w163-h92-k-no,"24.7459801, 121.7404810","({'A': {'綜合': 5, '天然': 2, '優質': 2, '瓶裝': 1, '罐裝': 1}, 'Na': {'腸粉': 15, '果汁': 12, '水果': 10, '老闆娘': 6, '老闆': 6, '芒果': 5, '人': 4, '份量': 4, '水': 4, '飽足感': 3, '糖': 3, '味道': 3, '鳳梨': 3, '鳳梨汁': 3, '冰': 3, '銀耳露': 3, '菜單': 2, '虱目魚湯': 2, '銀耳': 2, '鮮蚵': 2, '辣椒醬': 2, 'CP值': 2, '木瓜': 2, '牛奶': 2, '朋友': 2, '用料': 2, '口味': 2, '價格': 2, '滷肉飯': 2, '辣醬': 1, '青菜': 1, '量': 1, '點': 1, '蓮子湯': 1, '冰磚': 1, '塑膠': 1, '容器': 1, '微波': 1, '清冰箱': 1, '庫存': 1, '腰': 1, '鮮味': 1, '粥': 1, '牛肉': 1, '內容': 1, '玉米': 1, '鮮蝦': 1, '雞蛋': 1, '生菜': 1, '蔥花': 1, '飲食': 1, '魚丸湯': 1, '隊友': 1, '醬': 1, '竹筍': 1, '火龍果': 1, '果': 1, '百香果': 1, '蛋': 1, '料': 1, '菜': 1, '青菜量': 1, '醬油': 1, '蛤蠣湯': 1, '特色': 1, '蛤蜊湯': 1, '尺寸': 1, '蛤蠣': 1, '鮮甜味': 1, '煮湯人': 1, '用心': 1, '正餐': 1, '點心型': 1, '水果汁': 1, '蘑': 1, '闆娘': 1, '現點': 1, '古早味': 1, '系列': 1, '季節': 1, 'cp值': 1, '質感': 1, '擺盤': 1, '飲料': 1, '品牌': 1, '慢磨機': 1, '冰塊': 1, '店家': 1, '魚肚': 1, '老闆娘人': 1, '景點': 1, '黑糖': 1, '態度': 1, '笑臉': 1, '果糖': 1, '高成本': 1, '售價': 1, '一絕': 1, '毛豬': 1, '鹽醬汁': 1, '滷制': 1, '綜合丸湯': 1, '時間': 1, '早餐': 1, '🥣': 1, '紅豆芋泥': 1, '老板娘': 1, '母女': 1, '好料': 1, '一 ': 1, '位置': 1, '巷子': 1, '冰品': 1, '大份': 1, '牛肉腸粉': 1, '口感': 1, '手工': 1, '超香': 1, '蘋果': 1}, 'Nb': {'奇異果蘋': 1}, 'Nh': {'我': 4, '我們': 1, '自己': 1, '本身': 1}},)","{""pros"": [""腸粉很滑嫩，鹹粥很香濃"", ""價格便宜，份量十足"", ""老闆娘親切""], ""cons"": [""店面較小，座位不多""]}"
25,https://www.google.com/maps/place/%E5%AE%9C%E8%98%AD%E5%8F%A3%E7%A6%8F+%E5%B0%8F%E7%B1%A0%E6%B9%AF%E5%8C%85+%E5%AE%9C%E8%98%AD%E5%9C%A8%E5%9C%B0%E7%BE%8E%E9%A3%9F/data=!4m7!3m6!1s0x3467e53ff720da15:0x597ffe522dabd2dd!8m2!3d24.7485508!4d121.7503021!16s%2Fg%2F11tmzwt5d7!19sChIJFdog9z_lZzQR3dKrLVL-f1k?authuser=0&hl=zh-TW&rclk=1,口福小籠湯包,4.9,551,$,小吃店,復興路一段116號,https://lh5.googleusercontent.com/p/AF1QipNk9_7K52iED4OWfwBd9EiUcZFAtSmm9mCrIqRX=w80-h106-k-no,"24.7485508, 121.7503021","({'A': {'一般': 5, '開放式': 2, '內用': 2, '一定': 1, '額外': 1, '各有': 1}, 'Na': {'海菜': 18, '湯包': 14, '小籠包': 9, '魚丸湯': 8, '湯汁': 7, '紅茶': 7, '皮': 5, '小籠': 4, '口味': 4, '味道': 4, '星': 4, '老闆': 4, '環境': 3, '小籠湯': 3, '小龍湯包': 3, '店家': 3, '原味': 3, '態度': 3, '評價': 3, '內餡': 3, '類型': 2, '蔥': 2, '飲品': 2, '豆漿': 2, '糖': 2, '平價': 2, '整體': 2, '感覺': 2, '評論': 2, '❤️': 2, '衛生紙': 2, '醬料': 2, '包皮': 2, '顏色': 2, '家庭': 1, '一家人': 1, '工作': 1, '位置': 1, '座位': 1, '工作檯': 1, '作為': 1, '售價': 1, '現蒸': 1, '海菜味': 1, '立馬內餡': 1, '特色': 1, '店主': 1, '鮮肉': 1, '雪隧': 1, '評價數': 1, '地': 1, '興致': 1, '醬包': 1, '醬油包': 1, '路線': 1, '水準': 1, '鹹度': 1, '醬油': 1, '辣椒': 1, '香': 1, '女兒': 1, '魚丸': 1, '湯讚': 1, '老闆娘人': 1, '臉臭': 1, '人': 1, '桌子': 1, '油': 1, '機會': 1, '鹹味': 1, '沾醬': 1, '辣油': 1, '網': 1, '衛生': 1, '鮮 ': 1, '皮薄餡': 1, '餡': 1, '海菜😍': 1, '網路': 1, '熊貓': 1, '家人': 1, '肉味': 1, '肉質': 1, '酒': 1, '小孩': 1, '多汁🥰': 1, '皮軟': 1, '肉餡': 1, '卡': 1, '老闆娘': 1, '重點': 1, '口福': 1, ' 皮': 1, '彈': 1, '餛飩': 1, '照片': 1, '深色': 1, '價格': 1, '客人': 1, '優點': 1}, 'Nb': {'小龍': 2, '復興': 1}, 'Nh': {'我': 3, '個人': 3, '本身': 2, '他': 2, '自己': 1}},)","{
  ""pros"": [
    ""湯包皮薄餡多，肉汁鮮美"",
    ""價格實惠"",
    ""用餐環境乾淨明亮""
  ],
  ""cons"": [
    ""座位不多，容易客滿""
  ]
}"
26,https://www.google.com/maps/place/%E5%A5%BD%E9%A3%9F%E7%B3%86%E8%88%96/data=!4m7!3m6!1s0x3467e5a6dff146f3:0x15c17bc83aedba93!8m2!3d24.7479142!4d121.749937!16s%2Fg%2F11j5g4rzkk!19sChIJ80bx36blZzQRk7rtOsh7wRU?authuser=0&hl=zh-TW&rclk=1,好食糆舖,4.3,268,$$,小吃店,神農路一段158號,https://lh5.googleusercontent.com/p/AF1QipO3MRmbfjgXlk2fpiHKKKc5LxUPRfNGtr1pBOP8=w122-h92-k-no,"24.7479142, 121.7499370","({'A': {'麻辣': 5, '天然': 1, '手工製': 1, '超大': 1, '唯一': 1, '頂級': 1, '台式': 1}, 'Na': {'牛肉麵': 17, '店家': 11, '椒麻': 8, '乾麵': 8, '口味': 8, '人': 8, '餐點': 8, '蝦': 8, '味道': 8, '小菜': 7, '餛飩': 7, '湯頭': 6, '份量': 6, '口感': 5, '麵': 5, '芋頭': 5, '肉': 4, '湯': 4, '味精': 4, '苦瓜': 4, '環境': 4, '牛肉': 3, '香': 3, '速度': 3, '態度': 3, '評論': 3, '老闆娘人': 3, '空間': 3, '老闆娘': 3, '老闆': 3, '苦味': 3, '時間': 3, '人手': 3, '青菜': 2, '中藥味': 2, '業主': 2, '心胸': 2, '客人': 2, '食物': 2, '闆娘': 2, '麵條': 2, '顏色': 2, '東西': 2, '豆芽菜': 2, '花椒': 2, '天': 2, '功夫': 2, '熟成度': 2, '套餐': 2, '辣醬': 2, '料理': 2, '量': 1, '炭燒味': 1, '綠菜': 1, '感覺': 1, '色': 1, '味': 1, '感受': 1, '經驗': 1, '月': 1, '留言': 1, '平價': 1, '醬油': 1, '豆瓣醬': 1, '香料': 1, '粉': 1, '化學': 1, '添加物': 1, '紹子': 1, '紅油': 1, '手': 1, '蔬菜': 1, '哨子麵': 1, '麵體': 1, '桌': 1, '酸味': 1, '番茄🍅': 1, '基底': 1, '辣椒醬': 1, '海帶': 1, '滷蛋': 1, '豆乾': 1, '檸檬水': 1, '酸菜': 1, '調味料': 1, '問題': 1, '香味': 1, '中藥': 1, '餛飩麵': 1, '青江菜': 1, '餛': 1, '飩': 1, '照片': 1, '樣子': 1, '醬': 1, '蝦子': 1, ' 點': 1, '小辣': 1, '詞': 1, '遺憾': 1, '店\U0001f972\U0001faf6🏻': 1, '豬排': 1, '便當': 1, '麵類': 1, '重點': 1, '用料': 1, '媽歐': 1, '牛腱肉': 1, '辦法': 1, '碗': 1, '牛肉麵😍😍😍😍😍😍': 1, '裝潢': 1, '現代感': 1, '內容': 1, 'Q度': 1, '香氣': 1, '麻辣醬': 1, '麻': 1, '後果': 1, '豬頭皮': 1, '川菜': 1, '涼拌菜': 1, '手法': 1, '辣椒': 1, '蔥段': 1, '麻辣油': 1, '滷香味': 1, '煙燻味': 1, '魔力': 1, '小菜櫃': 1, '層': 1, '咬勁': 1, '芋塊': 1, '大小': 1, '食材': 1, '時間點': 1, '數量': 1, '紅茶': 1, '價位': 1, '品質': 1, '要求': 1, '美食': 1, '桌數': 1, '雙腳': 1, '嘴': 1, '新台幣': 1, '商家': 1, '整體': 1, '衛生': 1, '蝦醬麵套餐': 1, '蝦醬飯': 1, '椒麻麵': 1, '用心': 1, '榨菜': 1, '醬汁': 1, '星': 1, '星等級': 1, '麵暖': 1, '身體': 1, '櫻花': 1, '蝦辣油': 1, '🍜椒麻牛肉麵': 1, '香辣椒': 1, '麻麵': 1, '店面': 1, '點': 1, '湯底': 1, '黑色': 1, '渣': 1, '煙味': 1, '滷肉飯': 1, '滷肉': 1, '飯': 1, '料': 1, '油': 1, '特色': 1, '形容詞': 1, '飽足感': 1, '價格': 1, '微麻': 1, '範圍': 1, '塑膠袋': 1, '黑點點': 1, '心': 1, '錢': 1, '😋 椒香': 1, '中麻': 1, '炸醬麵': 1}, 'Nb': {'豬頭皮': 2, '湯太鹹': 1, '4星': 1, '嘟嘟': 1, '鮮辣香': 1}, 'Nh': {'我': 16, '你': 4, '個人': 3, '自己': 2, '它': 2, '本人': 2, '他': 1, '自我': 1, '別人': 1, '大家': 1, '您': 1, '她': 1}},)","{""pros"": [""麻辣口味很受好評"", ""手工製作的包子皮口感佳"", ""包子尺寸大""], ""cons"": [""部分客人反映餡料不夠飽滿""]}"
27,https://www.google.com/maps/place/%E5%AE%9C%E8%98%AD%E9%98%BF%E4%BA%AE%E9%A6%99%E9%9B%9E%E6%8E%92%E5%AE%9C%E5%A4%A7%E5%BA%97%EF%BD%9C%E5%A4%96%E5%B8%B6%E9%9B%9E%E6%8E%92%E6%8E%A8%E8%96%A6%EF%BD%9C%E5%BF%85%E5%90%83%E9%9B%9E%E6%8E%92%EF%BD%9C%E5%9C%A8%E5%9C%B0%E6%8E%A8%E8%96%A6%E9%9B%9E%E6%8E%92%EF%BD%9C%E5%A4%96%E9%80%81%E9%9B%9E%E6%8E%92%E6%8E%A8%E8%96%A6%EF%BD%9C%E5%82%B3%E7%B5%B1%E9%85%A5%E7%9A%AE%E9%9B%9E%E6%8E%92/data=!4m7!3m6!1s0x3467e4e950928959:0xc00c2d589fc9d7dd!8m2!3d24.7478418!4d121.7498637!16s%2Fg%2F11cmq_xhdn!19sChIJWYmSUOnkZzQR3dfJn1gtDMA?authuser=0&hl=zh-TW&rclk=1,阿亮香雞排,4.1,530,$,炸物,神農路一段156號,https://lh5.googleusercontent.com/p/AF1QipNZKcfGFJKKOuW3yl1-jXDXEocGULALz20BsSY9=w122-h92-k-no,"24.7478418, 121.7498637","({'A': {'一般': 1, '唯一': 1, '盒裝': 1, '優質': 1, '良性': 1}, 'Na': {'東西': 11, '雞排': 8, '店家': 8, '份量': 6, '油': 6, '鹹酥雞': 4, '味道': 4, '口味': 4, '價格': 3, '蒜': 3, '態度': 3, '食材': 3, '問題': 3, '品項': 3, '訂單': 3, '肉': 3, '熊貓': 3, '餐點': 2, '甜不辣': 2, '電話': 2, '老闆娘': 2, '玉米筍': 2, '白片': 2, '口感': 2, '雞皮': 2, '紙袋': 2, '蘿蔔糕': 2, '功夫': 2, '人': 2, '客人': 2, '整體': 2, '生意': 2, '老闆': 2, '評價': 2, '煉乳': 2, '雞軟骨': 1, '魷魚腳': 1, '油耗味': 1, 'CP值': 1, '魷魚鬚': 1, '碎尾': 1, '菜': 1, '店員': 1, '遺憾': 1, '結果': 1, '單子': 1, '事': 1, '骨': 1, '魷魚圈': 1, '杏鮑菇': 1, '門檻': 1, '旅': 1, '宵夜': 1, '句點': 1, '紅茶': 1, '評論': 1, '回鍋油': 1, '原因': 1, '雞腿': 1, '超黑': 1, '臭味': 1, '苦味': 1, '衛生': 1, '推薦點': 1, '小辣': 1, '人員': 1, '星': 1, '讚🥰 ': 1, '地方': 1, '馬蹄條': 1, '饅頭': 1, '殘油👍': 1, '港式': 1, '😋': 1, '火候': 1, '心思': 1, '般人': 1, '品質': 1, '價錢': 1, '價值': 1, '💪💪💪': 1, '炸湯圓': 1, '物價': 1, '單價': 1, '平台': 1, '女生': 1, '點': 1, '環境': 1, '雞排肉': 1, '柴': 1, '粉': 1, '外酥': 1, '食物': 1, '老闆人': 1, '錢': 1, '超開': 1, '心😃 ': 1, '袋子': 1, '四季豆': 1, '性質': 1, '油溫': 1, '湯圓': 1, '根本': 1, '商品': 1, '雞': 1, '宜蘭人': 1, '盤子': 1, '😂': 1, '差異': 1, ' 油瀝': 1, '麵衣': 1, '冰箱': 1, '炸功': 1, '培根': 1, '重點': 1, '腸胃': 1, '胡椒': 1, '最愛': 1, '片': 1, '麻花': 1, '銀絲卷': 1, '客服': 1, '經驗': 1}, 'Nb': {'阿亮': 3, '晶英': 1, '冰冰': 1, '培根': 1}, 'Nh': {'我': 6, '您們': 2, '我們': 2, '你們': 2, '個人': 2, '您': 1}},)","{
  ""pros"": [
    ""雞排炸得很酥脆"",
    ""價格合理"",
    ""份量十足""
  ],
  ""cons"": [
    ""醬料有點太鹹""
  ]
}"
28,https://www.google.com/maps/place/E%E7%82%B8G%E7%A5%9E%E8%BE%B2%E5%BA%97/data=!4m7!3m6!1s0x3467e4e9bee2272b:0xbac192ebe0137c1!8m2!3d24.7479674!4d121.7497108!16s%2Fg%2F11cp09sp_r!19sChIJKyfivunkZzQRwTcBvi4ZrAs?authuser=0&hl=zh-TW&rclk=1,E炸G神農店,4.4,104,$,炸物,神農路一段49號,https://lh5.googleusercontent.com/p/AF1QipOmwz44k5NuH6aCRKBj8rT6KdGBLLCqGKhf7ZuD=w122-h92-k-no,"24.7479674, 121.7497108","({'A': {}, 'Na': {'蔥蒜': 13, '洋蔥': 6, '老闆': 5, '甜不辣': 5, '老闆娘': 5, '魷魚': 4, '蔥粉': 3, '系列': 3, '東西': 3, '豆腐': 3, '雞排': 3, '骨': 2, '酥雞': 2, '薯條': 2, '鹽酥雞': 2, '九層塔': 2, '蒜頭': 2, '重點': 2, '油': 2, '炸物': 2, '大份': 2, '冰淇淋': 2, '人': 2, '電話': 2, '口味': 2, '雞蛋': 2, '品質': 2, '客人': 2, '店面': 2, '❤️': 1, '炸雞': 1, '小辣': 1, '豬血糕': 1, '豆干': 1, '味': 1, '骨頭': 1, '雞肉': 1, '湯汁': 1, '海苔': 1, '店家': 1, '袋子': 1, '戰速決': 1, '生水': 1, '鹹酥': 1, '鳥': 1, '攤': 1, '事': 1, '攤子': 1, '心': 1, '產品': 1, '宵夜': 1, '時段': 1, '孩子': 1, '們': 1, '大蒜': 1, '鹹酥雞': 1, '雞腿': 1, '老闆人': 1, '蒜': 1, ' 炸物': 1, '味道': 1, '層次': 1, '餅乾': 1, '地瓜條': 1, '芝麻': 1, '招牌': 1, '餐點': 1, '結果': 1, '地瓜球': 1, '宣傳單': 1, '蔥雞排': 1, '四季豆': 1, '銀絲卷': 1, '速度': 1, '時候': 1, '評價': 1, '方面': 1, '水準': 1, '態度': 1, '飲料': 1, '食物': 1}, 'Nb': {'勒 1': 1}, 'Nh': {'我': 5, '你': 2, '他們': 2, '您': 1, '自己': 1, '我等': 1}},)","{
  ""pros"": [
    ""炸物酥脆，尤其是雞排"",
    ""價格實惠"",
    ""份量十足""
  ],
  ""cons"": [
    ""部分炸物偏油"",
    ""雞肉有些乾柴""
  ]
}"
29,https://www.google.com/maps/place/%E6%97%A9%E5%90%83%E6%99%9A%E6%AD%B8-%E5%AE%9C%E8%98%AD%E5%AE%B5%E5%A4%9C+%E5%AE%9C%E8%98%AD%E5%AE%B5%E5%A4%9C%E6%8E%A8%E8%96%A6+%E5%AE%9C%E8%98%AD%E5%B0%8F%E5%90%83+%E5%AE%9C%E8%98%AD%E7%BE%8E%E9%A3%9F+%E5%AE%9C%E8%98%AD%E5%BF%85%E5%90%83+%E5%AE%9C%E8%98%AD%E6%99%9A%E9%A4%90/data=!4m7!3m6!1s0x3467e56ff63e1bc7:0x3e4d65c553004d26!8m2!3d24.7487524!4d121.7492571!16s%2Fg%2F11scjxq2h3!19sChIJxxs-9m_lZzQRJk0AU8VlTT4?authuser=0&hl=zh-TW&rclk=1,早吃晚歸,4.7,1089,$,小吃店,復興路二段24號,https://lh5.googleusercontent.com/p/AF1QipO5mR8jrhnOsRhmE2Ft6uPFbR60ZRIXoKkoUh2N=w80-h106-k-no,"24.7487524, 121.7492571","({'A': {'內用': 1, '超級': 1, '基本': 1, '唯一': 1, '日式': 1, '優質': 1}, 'Na': {'炒飯': 15, '餐點': 7, '人': 6, '宵夜': 6, '蛋餅': 5, '飲料': 5, '蝦仁': 5, '小時': 4, '飯': 4, '店員': 3, '餐': 3, '湯': 3, '口感': 3, '整體': 3, '食物': 3, '東西': 3, '評論': 2, '關係': 2, '速度': 2, '訂單': 2, '培根': 2, '麵': 2, '鍋氣': 2, '泡菜': 2, '泡麵': 2, '味道': 2, '價位': 2, '生意': 2, '價格': 2, '原味': 2, '店家': 2, '餐具': 2, '空間': 2, '鮪魚': 2, '吐司': 2, '時間': 2, '星': 2, '熊貓': 2, '環境': 2, '鐵板麵': 2, '菜單': 2, '朋友': 2, 'cp值': 2, '雞排': 2, '蛋': 2, '蔥蛋': 1, '炒麵': 1, '平台': 1, '能力': 1, '範圍': 1, '業務': 1, '奶酥': 1, '乳酪餅': 1, 'NT': 1, '蝦仁味': 1, '種類': 1, '蛋餅類': 1, '座位': 1, '救星': 1, '代價': 1, '物價': 1, '炸豬': 1, '排飯': 1, '錢': 1, '豬': 1, '荷包蛋': 1, '鍋': 1, '烏龍麵': 1, '湯頭': 1, '熱水': 1, '小姐': 1, '重點': 1, '敵': 1, '碗筷': 1, '廚餘': 1, '地方': 1, '台北人': 1, '價錢': 1, '位子': 1, '餅': 1, '紅茶': 1, '時候': 1, '皮': 1, '巧克力醬': 1, '水水': 1, '辣椒': 1, '小辣': 1, '爸爸': 1, '古早味': 1, '電話': 1, '禮貌': 1, '水準': 1, '態度': 1, '服務業': 1, '臉': 1, '老闆': 1, '員工': 1, '訓練': 1, '讚👍🏻 ': 1, '店面': 1, '裝潢': 1, '奶茶': 1, '份量': 1, '粄條': 1, '碩士': 1, '學生': 1, '課': 1, '消夜': 1, '晚餐': 1, '點': 1, '雞排飯': 1, '炸豬排': 1, '粉炸法': 1, '配菜': 1, '飽足感': 1, '醬汁': 1, '咖哩': 1, '感覺': 1, '一家人': 1, '料': 1, '衣服': 1, '師父': 1, '手藝': 1, '們': 1, '好處': 1, '評價': 1, '蟲': 1, '干絲': 1, '豬飯': 1, '板條': 1, '超油': 1, '蛤蜊湯': 1, '圖片': 1, '牛肉': 1, '早餐類': 1, '饅頭': 1, '首選': 1, '機車': 1, '焦味': 1, '香味': 1, '口味': 1}, 'Nb': {'鮑伯': 1}, 'Nh': {'我': 25, '自己': 3, '你': 3, '個人': 2, '我們': 2, '大家': 1, '他們': 1, '他': 1, '各位': 1}},)","{
  ""pros"": [
    ""環境乾淨舒適"",
    ""餐點口味獨特"",
    ""服務態度親切""
  ],
  ""cons"": [
    ""份量稍嫌不足""
  ]
}"
30,https://www.google.com/maps/place/%E9%A6%AC%E9%88%B4%E5%8F%94%E6%97%A9%E5%8D%88%E9%A4%90%E5%BA%97/data=!4m7!3m6!1s0x3467e4e974778d19:0xe5c4457e1d0f4336!8m2!3d24.746545!4d121.749411!16s%2Fg%2F11c0qgjpss!19sChIJGY13dOnkZzQRNkMPHX5FxOU?authuser=0&hl=zh-TW&rclk=1,馬鈴叔早午餐店,4.1,241,$,早餐,神農路一段90號,https://lh5.googleusercontent.com/p/AF1QipOhB8YhNz796WOe3IK3OtXHU3LDc9Fp22r7k45k=w122-h92-k-no,"24.746545, 121.749411","({'A': {'一般': 5, '內用': 1, '法式': 1}, 'Na': {'套餐': 11, '態度': 7, '餐點': 7, '價格': 6, '漢堡': 6, '三明治': 5, '份量': 5, '老闆': 5, '意思': 5, '環境': 4, '店家': 4, '人': 4, '食物': 4, '飲料': 4, '蛋餅': 4, '肉': 4, '雞肉': 4, '速度': 3, '味道': 3, '客人': 3, '肉排': 3, '人員': 3, '食材': 3, '感覺': 3, '鐵板麵': 3, '早餐': 3, '總匯': 3, '遊戲': 3, '雞腿': 3, '冷氣': 2, '房租': 2, '時間': 2, '馬鈴薯泥': 2, '蘿蔔糕': 2, '蛋': 2, '整體': 2, '奶茶': 2, '座位': 2, '拼盤': 2, '星': 2, '文字': 2, '差評': 2, '菜單': 2, '卡拉': 2, '雞腿堡': 2, '料理': 2, '紳士': 2, '蔬菜': 2, '擺盤': 1, '裝飾': 1, '外帶杯': 1, '衛生': 1, '竹筷': 1, '餐具': 1, '餐盤': 1, '回收櫃': 1, '理由': 1, '客源': 1, 'CP值': 1, '方便性': 1, '汽車': 1, '車位': 1, '機車': 1, '評論': 1, '香蒜醬': 1, '麵包': 1, '早午餐': 1, '物價': 1, '辣椒': 1, '靈魂': 1, '肉蛋': 1, '吐司': 1, '內容物': 1, '生意': 1, '抹醬': 1, '自助式': 1, '藥': 1, '主廚': 1, '飲料點': 1, '冰塊': 1, '馬克杯裝': 1, '鮪魚': 1, '鮮果': 1, '雞蛋餅': 1, '辣醬': 1, '柴': 1, '重點': 1, '口味': 1, '樣式': 1, '蛋餅皮': 1, '米麥': 1, '皮': 1, '顏色': 1, '顆粒感': 1, '營養': 1, '紅茶': 1, '苦澀味': 1, '氣氛': 1, '步調': 1, '地方': 1, '字': 1, '一家人': 1, '餐': 1, '時候': 1, '餐員': 1, '單': 1, '少漢堡': 1, '事': 1, '負分': 1, '方式': 1, '油': 1, '最愛': 1, '薯泥': 1, '生菜': 1, '沙拉❤️': 1, '盛👍': 1, '胃': 1, '產品': 1, '規則': 1, '差價': 1, '耍心機': 1, '材料': 1, '價位': 1, '蜂蜜醬': 1, '沙拉': 1, '原型': 1, '筋膜': 1, '脂肪': 1, '全麥': 1, '餅皮': 1, '點': 1, '便利性': 1, '組合': 1, '花生': 1, '厚片': 1, '土司': 1, '滋味': 1, '馬鈴薯': 1, '濃湯': 1, '量': 1, '炸😋 ': 1, '酸黃瓜': 1, '消費': 1, '意願': 1, '對比': 1, '辣椒醬': 1, '麵': 1, '鐵': 1, '程度': 1, '⭐️⭐': 1, '⭐️': 1, '桌子': 1, '⭐': 1, '胡椒': 1, '豬肉': 1}, 'Nb': {'培根': 1}, 'Nh': {'我們': 13, '我': 11, '他': 7, '你': 6, '自己': 6, '你們': 2, '他們': 1, '它們': 1}},)","{""pros"": [""餐點份量大"", ""價格合理"", ""環境乾淨""], ""cons"": [""飲料偏甜"", ""選擇較少""]}"
31,https://www.google.com/maps/place/%E9%BA%A5%E7%89%B9%E6%97%A9%E9%A4%90/data=!4m7!3m6!1s0x3467e5b668081b9d:0xcb79c5c836e81c54!8m2!3d24.7493571!4d121.7506745!16s%2Fg%2F11stdt8mqn!19sChIJnRsIaLblZzQRVBzoNsjFecs?authuser=0&hl=zh-TW&rclk=1,麥特早餐,4.7,161,$,早餐,健康路二段151號,https://lh5.googleusercontent.com/p/AF1QipOAwstL-HXdLDs9BWfOJERUIDlh-ujpOhLp7hpr=w80-h106-k-no,"24.7493571, 121.7506745","({'A': {'雙層': 2, '手打': 1, '非': 1, '超級': 1, '一定': 1, '美式': 1, '臺式': 1, '一般': 1}, 'Na': {'蛋餅': 28, '餐點': 16, '蘿蔔糕': 16, '奶茶': 12, '刈包': 9, '味道': 8, '餅皮': 7, '吐司': 7, '紅茶': 7, '鮪魚': 7, '環境': 6, '黑糖': 6, '咖啡': 6, '東西': 6, '蛋': 6, '漢堡': 5, '狗': 5, '薯餅': 5, '酥皮': 5, '豬排': 5, '寵物': 5, '店家': 4, '整體': 4, '口味': 4, '店員': 4, '人': 4, '古早味': 4, '洋蔥': 4, '花生醬': 4, '起司': 4, '芝麻麻糬': 4, '時候': 4, '套餐': 4, '老闆娘': 4, '義大利麵': 3, '份量': 3, '朋友': 3, '特色': 3, '狗狗': 3, '乳酪': 3, '香': 3, '花生': 3, '辣椒': 3, '價格': 3, '熱狗': 3, '皮蛋餅': 3, '老闆': 3, '飲料': 3, '辣椒醬': 3, '❤️': 3, '風格': 2, '醬料': 2, '麻糬': 2, '雷': 2, '店狗': 2, '態度': 2, '人潮': 2, '鐵': 2, '位子': 2, '訓練': 2, '燒肉': 2, '肉': 2, '藍莓': 2, '厚片': 2, '花醬': 2, '生菜': 2, '豬': 2, '油煙味': 2, '點心': 2, '蛋餅皮': 2, '餐': 2, '五星級': 2, '豆漿': 2, '們': 2, '個性': 2, '禮貌': 2, '肉鬆': 2, '糖': 2, '配料': 2, '老婆': 2, 'cp值': 2, '️': 2, '卡拉雞': 2, '培根': 2, '牛肉': 2, '口感': 2, '美乃滋': 2, '音樂': 2, '氣氛': 2, '巨巨': 2, '氛圍': 1, '佐料': 1, '最愛': 1, '脆皮': 1, '等級': 1, '空間': 1, '餐飲業': 1, '心力': 1, '工作': 1, '處': 1, '方案': 1, '黑色': 1, '聲音': 1, '人員': 1, '心情': 1, '教育': 1, '筋': 1, '刈包皮': 1, '爽感': 1, '乳酪醬': 1, '蓬鬆感': 1, '肉絲': 1, '番茄': 1, '荷包蛋': 1, '半成品': 1, '匠人': 1, '氣': 1, '牛肉堡': 1, '肉質': 1, '雞排': 1, '薄料': 1, '排吐司': 1, '豬排肉': 1, '櫃台': 1, '系列': 1, '嘴': 1, '辣醬🌶': 1, '餐具': 1, '廚師': 1, '漢堡➕': 1, '麵包體': 1, '紙袋': 1, '要點': 1, '辣椒油': 1, '顆粒': 1, '餐薯餅': 1, '員工': 1, '風': 1, '芋泥': 1, '原味': 1, '油': 1, '醬油': 1, '感覺': 1, '美味': 1, '香氣': 1, '蛋餅盤': 1, '過程': 1, '盤': 1, '黑糖味': 1, '白醬': 1, '醬': 1, '芋頭': 1, '色': 1, '味': 1, '柴犬': 1, '蔥': 1, '蒜蓉': 1, '醬油膏': 1, '號盤': 1, '品項': 1, '生意': 1, '餐單': 1, ' ❤': 1, '燒肉乳酪': 1, '奶油': 1, '餅料': 1, '泡菜': 1, '豬肉': 1, '大份': 1, '珍奶': 1, '店長': 1, '混血兒': 1, '咪嚕': 1, '客人': 1, '雞塊': 1, '薯條': 1, '卡啦': 1, '雞腿': 1, '櫃臺': 1, '餐牌': 1, '機器牌': 1, '正題': 1, '微糖': 1, '程度': 1, '嚼勁': 1, '男生': 1, '飽足感': 1, '餡甜': 1, '甜鹹感': 1, '餡料': 1, '刈包路': 1, '炸雞': 1, '雷鬼風': 1, '矮桌': 1, '心理': 1, '動物': 1, '星星✨': 1, '眼睛': 1, '撸狗': 1, '褲子': 1, '毛': 1, '種類': 1, '冷氣': 1, '颱風天': 1, '肉乳酪': 1, '燻雞': 1, '湯匙': 1, '碳': 1, '烤色': 1, '大小': 1, '韓式': 1, '女生': 1, '❤': 1, '蛋餅類': 1, '皮': 1, '乳酪酥': 1, '店狗😢 ': 1, '宜蘭人': 1, '腿傷': 1, '\u200d🩹': 1}, 'Nb': {'馥列白': 2, ' 三明治': 1, '麥特': 1, '黃金加': 1, '點🐶': 1}, 'Nh': {'我': 8, '我們': 5, '他': 4, '自己': 3, '你': 2, '大家': 1, '本人': 1, '個人': 1}},)","{""pros"": [""餐點美味，例如雙層手打豬排、吐司口感佳"", ""份量充足，超值"", ""環境乾淨明亮""], ""cons"": [""假日人潮較多，可能需要等待""]}"
32,https://www.google.com/maps/place/%E8%80%81%E8%94%A1%E7%A2%B3%E7%83%A4%E4%B8%89%E6%98%8E%E6%B2%BB/data=!4m7!3m6!1s0x3467e4ecac281b5d:0x85441eaa4114cd91!8m2!3d24.7454059!4d121.7427044!16s%2Fg%2F11b6zpdqmr!19sChIJXRsorOzkZzQRkc0UQaoeRIU?authuser=0&hl=zh-TW&rclk=1,老蔡碳烤三明治,4.6,572,$,早餐,女中路三段225號,https://lh5.googleusercontent.com/p/AF1QipMNnQBjikBU_c3OFbWjlHbpXR9kS_PdbsP5KhZo=w122-h92-k-no,"24.7454059, 121.7427044","({'A': {'內用': 1, '主要': 1}, 'Na': {'三明治': 19, '吐司': 16, '花生醬': 14, '總匯': 6, '價格': 6, '蛋餅': 6, '口感': 5, '份量': 5, '豬肉': 5, '奶油': 5, '早餐': 5, '香氣': 4, '整體': 4, '餐點': 4, '豬排': 4, '紅茶': 3, '系列': 3, '口味': 3, '東西': 3, '味道': 3, '學生': 3, '培根': 3, '美食': 3, '老闆': 3, '牛肉': 2, '奶茶': 2, '佛心': 2, '碳': 2, '者': 2, '火腿': 2, '飲料': 2, '豬排蛋': 2, '香味': 2, '內容物': 2, '生菜': 2, '薄片': 2, '乳': 2, '態度': 2, '店家': 2, '醬': 2, '美乃滋': 2, '特餐': 1, '雞蛋': 1, '里肌肉': 1, '醬料': 1, '蘿蔔糕': 1, '米漿': 1, '蘿蔔味': 1, '伯爵': 1, '茶': 1, '座位': 1, '騎樓': 1, '方式': 1, '機車': 1, '汽車': 1, '停車位': 1, '蛋碳': 1, '檸檬雞': 1, '套餐': 1, '老蔡碳烤': 1, '膜': 1, '小黃瓜': 1, '高麗菜': 1, '酥香度': 1, '司機': 1, '生菜量': 1, '社會': 1, '肉排': 1, '員工': 1, '訓練': 1, '順序': 1, '流程': 1, '現場點': 1, '內用客': 1, '蛋': 1, '豬肉蛋': 1, '客人': 1, '居民': 1, '價位': 1, '客倌': 1, '環境': 1, '餅皮': 1, '☺️': 1, '特色': 1, '睛': 1, '點心': 1, '蔥油餅': 1, '碳烤煎蛋': 1, '店員': 1, '果醬': 1, '碳香👍 ': 1, '消費': 1, '族群': 1, '時間': 1, '人': 1, '招牌': 1, '美奶滋': 1, '生菜絲': 1, '肉類': 1, '薯餅': 1, '囗感': 1, '外酥': 1, '鐵板麵': 1, '堡類': 1, '點': 1, '心類': 1, '黃金': 1, '味': 1, '炭香': 1, '消費者': 1, '禮貌': 1, '星': 1, '底': 1, '需求': 1, '最愛': 1, '店員人': 1, '行程': 1, '❤️': 1, '花生': 1, '值': 1, '萬物': 1, '人潮': 1, '老闆娘': 1, '冷氣': 1, '分👍': 1}, 'Nb': {'瑪琳': 2, '老蔡': 2, '菲力': 1, '三明治🥪': 1, '宜大': 1}, 'Nh': {'個人': 2, '我': 2, '本身': 1, '他們': 1, '大家': 1, '自己': 1, '你們': 1}},)","{
""pros"": [
""三明治種類豐富多元"",
""價格合理份量十足"",
""醬料選擇多樣，可以客製化口味""
],
""cons"": [
""店面較小，座位不多""
]
}"
33,https://www.google.com/maps/place/%E8%98%8B%E6%9E%9C203+%E5%A5%B3%E4%B8%AD%E5%BA%97/data=!4m7!3m6!1s0x3467e493534eb623:0xa436d7a3bc06713a!8m2!3d24.7455126!4d121.7423157!16s%2Fg%2F11bzs1q7pw!19sChIJI7ZOU5PkZzQROnEGvKPXNqQ?authuser=0&hl=zh-TW&rclk=1,蘋果203,4.2,104,$,早餐,女中路三段235號,https://lh5.googleusercontent.com/p/AF1QipMoGsforJJN3gF7NTiqIXvKYtXEtpeB4UA8KY9d=w82-h92-k-no,"24.7455126, 121.7423157","({'A': {'一般': 1, '美式': 1, '中式': 1, '西式': 1}, 'Na': {'態度': 6, '餐點': 6, '早餐': 6, '東西': 6, '人': 6, '速度': 5, '老闆': 4, '環境': 4, '漢堡': 3, '價格': 3, '蛋餅': 3, '三明治': 3, '餐': 2, '生菜': 2, '生意': 2, '冷氣': 2, '蛋': 2, '飲料': 2, '奶茶': 2, '印象': 2, '客人': 2, '品項': 2, '時候': 2, '空間': 2, '豆漿': 2, '電話': 2, '薯餅': 1, '頭': 1, '店家': 1, '點心': 1, '臉': 1, '人潮': 1, '早午餐': 1, '選擇': 1, '冰鮮': 1, '胡椒麵': 1, '茶': 1, '吐司': 1, '整體': 1, '朋友': 1, '們': 1, '胡椒': 1, '鐵板麵': 1, '套餐': 1, '培根': 1, '蘋果': 1, '份量': 1, '車位': 1, '機車': 1, '口氣': 1, '老闆娘': 1, '心情': 1, '疫情': 1, '梅花座': 1, '隔板': 1, '體溫': 1, '蘿蔔糕': 1, '意識': 1, '重點': 1, '價': 1, '質': 1, '優勢': 1, '品質': 1, '娘': 1, '老老闆娘': 1, '母子': 1, '效率': 1, '路': 1, '工作': 1, '人員': 1, '蛋吐司類': 1, '好評': 1, '和風': 1, '套餐量': 1, '芙蓉': 1, '腥味': 1, '食慾': 1, '客戶': 1, 'CP值': 1, '漢堡類': 1, '塔里肌': 1, '燒肉': 1, '三角': 1, '小姐': 1, '禮貌': 1, '話': 1, '員工': 1, '粉': 1, '笑容': 1, '菜色': 1, '常客': 1, '奶酪': 1, '平價': 1, '衛生': 1}, 'Nb': {'六星': 1}, 'Nh': {'我': 4, '自己': 1, '他': 1, '我們': 1, '你': 1}},)","{""pros"": [""早餐種類多樣，有吐司、漢堡、蛋餅等選擇"", ""價格合理"", ""環境乾淨舒適""], ""cons"": [""部分餐點調味偏甜""]}"
34,https://www.google.com/maps/place/Wake%E6%B2%83%E5%AE%A2%E6%B4%BB%E5%8A%9B%E6%97%A9%E5%8D%88%E9%A4%90/data=!4m7!3m6!1s0x3467e4eb2fa5882f:0xeb9d0aa7d4514810!8m2!3d24.7479097!4d121.7428554!16s%2Fg%2F11clsgbz33!19sChIJL4ilL-vkZzQREEhR1KcKnes?authuser=0&hl=zh-TW&rclk=1,Wake沃客活力早午餐,4.3,319,$$,早餐,宜中路105號1樓,https://lh5.googleusercontent.com/p/AF1QipP5gbQ2R7HvUOqGJMsSMOarJ5wiRD3P8LgSx8hZ=w122-h92-k-no,"24.7479097, 121.7428554","({'A': {'美式': 5, '一般': 3, '一定': 1, '超大': 1, '英式': 1, '超級': 1, '唯一': 1, '開放式': 1, '牛肉徳式': 1}, 'Na': {'餐點': 26, '咖啡': 20, '早午餐': 16, '沙拉': 14, '人': 14, '紅茶': 14, '份量': 12, '水果': 12, '店家': 9, '牛排': 9, '老闆': 7, '可頌': 7, '環境': 7, '濃湯': 6, '炒蛋': 6, 'CP值': 6, '生菜': 5, '魚': 5, '口感': 5, '座位': 4, '胡麻醬': 4, '整體': 4, '蘋果汁': 4, '味道': 4, '氣氛': 4, '水': 4, '朋友': 4, '位置': 3, '桌': 3, '店員': 3, '漢堡': 3, '野菇': 3, '藍莓': 3, '優格': 3, '雞腿': 3, '魚條': 3, '菜單': 3, '馬鈴薯': 3, '老闆娘': 3, '顧客': 3, '價格': 3, '套餐': 3, '飲料': 3, '伯爵': 3, '早餐': 3, '肉': 3, '食材': 3, '甜度': 2, '塔塔醬': 2, '薯條': 2, '口味': 2, '美食': 2, '櫃檯': 2, '蜂蜜': 2, '用料': 2, '身': 2, '油煙味': 2, '夫妻': 2, 'cp值': 2, '食物': 2, '薯塊': 2, '蔬菜': 2, '東西': 2, '女生': 2, '檸檬': 2, '血': 2, '檸檬水': 2, '午餐': 2, '主食': 2, '時間': 2, '桌子': 2, '油煙': 2, '客人': 2, '路': 2, '時候': 2, '芒果': 2, '耐心': 2, '交通': 1, '距離': 1, '可能': 1, '櫃台': 1, '方式': 1, '現金': 1, '特色': 1, '處': 1, '經典': 1, '餐盤': 1, '分量': 1, '濃湯料': 1, '熟度': 1, '排現點': 1, '優格醬': 1, '點心': 1, '外表': 1, '咖啡豆沖': 1, '香氣': 1, '水準': 1, '照片': 1, '松阪豬': 1, '芥末': 1, '小可頌': 1, '水煮蛋': 1, '料': 1, '擺盤': 1, '茶水': 1, '咖啡機': 1, '服務費': 1, '禮貌': 1, '需求': 1, '系統': 1, '辦法': 1, '建議': 1, '程度': 1, '餐\U0001f979': 1, '寵物': 1, '毛孩': 1, '推車': 1, '牽繩': 1, '男朋友': 1, '☺': 1, '️': 1, '值': 1, '良心': 1, '水果貨': 1, '手扒雞': 1, '手套': 1, '蘑菇': 1, '果蠅': 1, '環境衛生': 1, '風格': 1, '雞堡': 1, '們': 1, '景點': 1, '低消': 1, '苦味': 1, '鐵': 1, '農鮮乳': 1, '主菜': 1, '配菜': 1, '麵包': 1, '色': 1, '香': 1, '味': 1, '飽足感': 1, '地點': 1, '車位': 1, '基本': 1, '糖': 1, '活動': 1, '自助式': 1, '主餐點': 1, '餐具': 1, '白開水': 1, '內容': 1, '火侯': 1, '蘋果醋': 1, '選項': 1, '蔬食': 1, '原味': 1, '醬料': 1, '牛肉': 1, '多利魚': 1, '雞腿肉': 1, '家庭': 1, '情侶': 1, '大氣': 1, '變化': 1, '好友': 1, '放包包': 1, '籃子': 1, '肉排': 1, '蛋白質': 1, '蛋': 1, '手法': 1, '歐姆蛋': 1, '形式': 1, '喉嚨': 1, '椒鹽粉': 1, '香料': 1, '態度': 1, '牌子': 1, '事實': 1, '肉類': 1, '點': 1, '外皮': 1, '沾醬': 1, '時光': 1, '天花板': 1, '軌道燈': 1, '軌道': 1, '機會': 1, '蝦子': 1, '炒油': 1, '油味': 1, '資料': 1, '價錢': 1, '評論': 1, '問題': 1, '情況': 1, '餐': 1, '速度': 1, '人手': 1, '沙拉醬': 1, '價位': 1, '汽車': 1, '時段': 1, '鐵鍋': 1, '煎餅': 1, '香腸': 1, '品項': 1}, 'Nb': {'炸多利': 1, '佐佐黃': 1}, 'Nh': {'自己': 5, '我': 5, '本身': 3, '我們': 3, '個人': 2, '你們': 1, '大家': 1, '本人': 1, '他們': 1, '後者': 1}},)","{
""pros"": [
""餐點份量大且豐富"",
""環境明亮乾淨"",
""服務態度親切""
],
""cons"": [
""部分餐點偏油膩""
]
}"
35,https://www.google.com/maps/place/%E9%9D%9E%E5%87%A1%E8%B1%86%E6%BC%BF/data=!4m7!3m6!1s0x3467e4e9c0ceb34d:0x65e57eccdee2d461!8m2!3d24.7482229!4d121.7497966!16s%2Fg%2F11cmdbpsj7!19sChIJTbPOwOnkZzQRYdTi3sx-5WU?authuser=0&hl=zh-TW&rclk=1,非凡豆漿,4.0,405,$,宵夜,神農路一段63號,https://lh5.googleusercontent.com/p/AF1QipP90irNDe5YreFGxvn8fezer_XAivfNImBUaXb8=w122-h92-k-no,"24.7482229, 121.7497966","({'A': {'一般': 2, '內用': 2, '中式': 2, '唯一': 1, '家常': 1, '市住': 1, '一定': 1}, 'Na': {'豆漿': 14, '蛋餅': 10, '油條': 9, '人': 8, '燒餅': 6, '價格': 5, '口味': 5, '味道': 4, '紅茶': 4, '地方': 3, '饅頭': 3, '肉包': 3, '店家': 3, '生意': 3, '蛋': 3, '肚子': 3, '價錢': 3, '薑': 3, '餐點': 3, '環境': 3, '基本': 2, '菜單': 2, '蛋黃': 2, '手': 2, '學生': 2, '毛': 2, '小籠包': 2, '肉': 2, '宵夜': 2, '態度': 2, '甜飯糰': 2, '號碼牌': 2, '飯糰': 2, '鹹豆漿': 2, '超油': 2, '時候': 2, '份量': 2, '蛋餅夾': 1, '圓形': 1, '蛋餅皮': 1, '機車': 1, '印象': 1, '照片': 1, '夾蛋': 1, '流心': 1, '半熟蛋': 1, '熔岩': 1, '包子': 1, '塑膠袋': 1, '蛋液': 1, '老闆': 1, '熟度': 1, '食品': 1, '飲料': 1, '甜度': 1, '鎖喉': 1, '時分': 1, '為數': 1, '暖心': 1, '蘿蔔糕': 1, '蘿蔔': 1, '雷': 1, '評論': 1, '東西': 1, '煎包': 1, '辣椒': 1, '醬油': 1, '塑膠': 1, '朋友': 1, '外😃 ': 1, '香菇': 1, '蔥花捲': 1, '單子': 1, '客人': 1, '心': 1, '永豆': 1, '品項': 1, '飲品': 1, '食物': 1, '協咖': 1, '奶茶': 1, '人數': 1, '位置': 1, '多樣性': 1, '醬料': 1, '風味': 1, '冷氣': 1, '牆': 1, '感謝狀': 1, '衛生': 1, '起士': 1, '身體': 1, '牌子': 1, '問題': 1, '玉米': 1, '小龍湯包': 1, '速度': 1, '白色': 1, '菜': 1, '小姐': 1}, 'Nb': {'普普': 1, '阿寶': 1}, 'Nh': {'我': 13, '他': 4, '自己': 2, '你們': 2, '你': 1, '他們': 1, '別人': 1}},)","{""pros"": [""豆漿選擇多樣，有不同甜度可選擇"", ""蛋餅份量足，料多實在"", ""環境乾淨明亮""], ""cons"": [""菜單沒有圖片，難以選擇"", ""座位數量有限，容易客滿""]}"
36,https://www.google.com/maps/place/Morni%E8%8E%AB%E5%B0%BC%E6%97%A9%E9%A4%90+%E5%AE%9C%E8%98%AD%E5%A5%B3%E4%B8%AD%E5%BA%97/data=!4m7!3m6!1s0x3467e5c5cf1374e1:0x27ac22fde0eeec12!8m2!3d24.7470571!4d121.7376599!16s%2Fg%2F11t6n8fqxh!19sChIJ4XQTz8XlZzQREuzu4P0irCc?authuser=0&hl=zh-TW&rclk=1,Morni莫尼早餐,4.2,274,$,早餐,女中路三段186號,https://lh5.googleusercontent.com/p/AF1QipMzAyTQfu8fC0gKyZr-LsLq2e0-9-HIPbcwsD3W=w122-h92-k-no,"24.7470571, 121.7376599","({'A': {'一般': 3, '內用': 1, '唯一': 1, '一定': 1, '尖峰': 1, '超級': 1, '法式': 1}, 'Na': {'餐點': 13, '蛋餅': 13, '袋子': 9, '人': 7, '吐司': 7, '客人': 7, '店員': 6, '口味': 6, '熊貓': 6, '環境': 5, '東西': 5, '感覺': 5, '態度': 4, '份量': 4, '價位': 3, '辣醬': 3, '早餐': 3, '價格': 3, '速度': 3, '泡菜': 3, '滷肉飯': 3, '員工': 3, '店家': 3, '雞': 2, '餅': 2, '機會': 2, '空間': 2, '鮪魚': 2, '餐': 2, '飲料': 2, '生菜': 2, '沙拉': 2, '位子': 2, '味道': 2, '脆薯': 2, '咖哩飯': 2, '油': 2, '效率': 2, '需求': 2, '錢': 2, '老闆': 2, '飯': 2, '奶茶': 2, '話': 2, '蒼蠅': 2, '品質': 2, '時間': 2, '雞腿': 2, '滑蛋': 2, '紅茶': 2, '裝潢': 2, '麵': 2, '毛': 2, '路': 1, '白線': 1, '臉': 1, '人員': 1, '店面': 1, '範圍': 1, '食材': 1, '桌子': 1, '間距': 1, '厚片': 1, '果醬': 1, '想像': 1, '漢堡': 1, '小黃瓜絲': 1, '蘿蔔絲': 1, '玉米': 1, '黃芥末': 1, '蜂蜜芥末': 1, '顧客': 1, '要點': 1, '冷氣': 1, '皮蛋肉': 1, '火候': 1, '煎蛋': 1, '時光': 1, '皮': 1, '蛋肉': 1, '招牌': 1, '肉': 1, '肉片夾': 1, '性': 1, '餐具': 1, '黑糖': 1, '密斯奶': 1, '炸物油': 1, '耗味': 1, '餐點量': 1, '餐火候': 1, '頭': 1, '豬肉': 1, '寶藏': 1, '商品': 1, '現點': 1, '價錢': 1, '家人': 1, '小朋友': 1, '豬丼': 1, '日式味': 1, '舒肥雞': 1, '炸物': 1, '人力': 1, '服務業': 1, '環保': 1, '理由': 1, '生意': 1, '地': 1, '朋友': 1, '賣相': 1, '口感': 1, '氣氛': 1, '心情': 1, '人潮': 1, '油煙味': 1, '芋泥肉': 1, '芋泥': 1, '量': 1, '蛋餅皮': 1, '單號': 1, '麻煩': 1, '上餐': 1, '餐桌': 1, '套餐': 1, '鳥': 1, '咖啡': 1, '冰塊': 1, '辣麵': 1, '好處': 1, '水準': 1, '缺點': 1, '抖抖麵': 1, '微波': 1, '水': 1, '時段': 1, '星': 1, '負評': 1, '價值': 1, '因素': 1, '妖': 1, '肉蛋': 1, '吐司類': 1, '麵類': 1, '取餐': 1, '男性': 1, '語氣': 1, '感受': 1, '生肉': 1, '食品': 1, '單': 1, '咖喱': 1, '雞蛋餅': 1, '咖喱飯': 1, '碗': 1, '角': 1, '品項': 1, '煉乳': 1, '雞排': 1, '肉醬': 1, '甜度': 1, '龍蝦': 1, '芥末': 1, '芥末味': 1, '炸湯圓': 1, '燒肉': 1, '品牌': 1, '設計': 1, '期待值😅 ': 1, '內容': 1, '午餐': 1, '主食': 1, '鍋燒麵': 1, '男生': 1, '食量': 1, '起司': 1, '咖哩': 1, '櫃檯': 1, '事': 1, '菜單': 1, '流程': 1, '整體': 1, '總匯': 1, '時候': 1, '餐飲': 1, '煎板台': 1, '髒污': 1, '食物': 1, '粉絲': 1, '專頁': 1}, 'Nb': {'普普': 1, '歐北': 1, '😂': 1, '莫尼': 1}, 'Nh': {'我': 13, '他': 5, '他們': 3, '你': 2, '本身': 2, '自己': 2, '我們': 1, '個人': 1}},)","{""pros"": [""餐點種類多樣豐富"", ""環境舒適乾淨"", ""價格合理""], ""cons"": [""部分餐點味道較淡"", ""店內空間較小""]}"
37,https://www.google.com/maps/place/%E7%93%A6%E7%93%A6%E4%B8%96%E6%97%A9%E5%8D%88%E9%A4%90/data=!4m7!3m6!1s0x3467e4e94dd18bbd:0xe9554774d3439a36!8m2!3d24.7445444!4d121.7489676!16s%2Fg%2F11byyd4t_q!19sChIJvYvRTenkZzQRNppD03RHVek?authuser=0&hl=zh-TW&rclk=1,瓦瓦世早午餐,4.3,341,$$,早餐,女中路二段519號260,https://lh5.googleusercontent.com/p/AF1QipP6NSVRPibyS4aU5nflHtW30zPadCARSqYIsgYn=w122-h92-k-no,"24.7445444, 121.7489676","({'A': {'美式': 1, '瓦瓦式': 1}, 'Na': {'老闆': 8, '餐點': 7, '泡麵': 6, '口味': 6, '脆皮': 5, '蛋餅': 5, '皮蛋餅': 5, '味道': 5, '人': 5, '環境': 5, '厚片': 5, '老闆娘': 4, '古早味': 4, '麵': 4, '價格': 3, '東西': 3, '甜度': 2, '薯條': 2, '最愛': 2, 'CP值': 2, '機會': 2, '速度': 2, '特色': 2, '老闆人': 2, '紅茶': 2, '薯餅': 2, '辣椒醬': 2, '❤️': 2, '價位': 2, '餐': 2, '態度': 2, '早餐': 2, '餅皮': 1, '冬瓜': 1, '鮮奶': 1, '老公': 1, '蔥燒麵': 1, '蘑菇': 1, '口感': 1, '泰式': 1, '酸辣醬': 1, '醬': 1, '大推熱狗': 1, '酥脆度': 1, '漢堡': 1, '夫妻': 1, '份量': 1, '用料': 1, '闆娘': 1, '肉': 1, '散掉量': 1, '菜': 1, '月': 1, '生菜': 1, '食物': 1, '蘿蔔糕': 1, '表面': 1, '重點': 1, '鮮😹': 1, '玉米': 1, '皮': 1, '蘿勒醬': 1, '醬汁': 1, '荷包蛋': 1, '熟嫩度': 1, '消費': 1, '人員': 1, '女性': 1, '滿分': 1, '細節': 1, '羅勒': 1, '早餐點': 1, '土司': 1, '香料': 1, '吐司': 1, '蔥花': 1, '巧克力': 1, '奶油': 1, '超快樂': 1, '耐心': 1, '豆漿': 1, '星': 1, '薯餅塔': 1, '蛋': 1, '起司': 1, '淚': 1, '錢': 1, '豆花': 1, '奶茶': 1, '肉片': 1, '程度': 1, '員工': 1, '肉燥': 1, '牛肉': 1, '雞塊': 1, '創意': 1, '種類': 1, '風格': 1, '生意': 1, '話': 1, '溫度': 1, '朋友': 1, '鹹蛋': 1, '歐母蛋': 1, '油味': 1, '整體': 1, '餐食': 1, '寵物': 1, '善': 1, '店員': 1, '價錢': 1, '評論': 1, '時光': 1, '老闆娘人': 1, '超過癮': 1, '小朋友': 1}, 'Nb': {'蘿勒': 1, '瓦瓦世': 1, '超友': 1}, 'Nh': {'我': 12, '他': 3, '大家': 2, '本身': 1, '他們': 1, '你們': 1, '自己': 1}},)","{
""pros"": [
""餐點美味"",
""老闆親切"",
""環境舒適""
],
""cons"": [
""份量較少""
]
}"
38,https://www.google.com/maps/place/%E5%BC%98%E7%88%BA%E6%BC%A2%E5%A0%A1-%E5%B5%90%E5%B3%B0%E8%A6%AA%E5%AD%90%E5%BA%97/data=!4m7!3m6!1s0x3467e49340bc2655:0xd77ee39d06e7fd58!8m2!3d24.7447795!4d121.7411956!16s%2Fg%2F11c808951p!19sChIJVSa8QJPkZzQRWP3nBp3jftc?authuser=0&hl=zh-TW&rclk=1,弘爺漢堡,3.6,113,$,早餐,嵐峰路三段30號,https://lh5.googleusercontent.com/p/AF1QipPNeLVFLWl5lnmNEbFPcICKCdlDYVfkbQfKqOIg=w162-h92-k-no,"24.7447795, 121.7411956","({'A': {'連鎖': 2, '優質': 1, '唯一': 1, '一般': 1}, 'Na': {'餐點': 9, '價格': 8, '肉': 5, '吐司': 5, '親子': 4, '餐': 4, '兒童': 4, '環境': 3, '套餐': 3, '店家': 3, '客人': 3, '小朋友': 2, '蛋餅': 2, '口味': 2, '早餐': 2, '東西': 2, '熊貓': 2, '巧克力': 2, '生菜': 2, '動作': 2, '油煙味': 2, '培根': 2, '蛋': 2, '番茄醬': 2, '肉蛋': 2, '馬鈴薯': 2, '遊戲': 2, '肥皂': 2, '空間': 2, '態度': 2, '鞋子': 1, '衛生': 1, '選項': 1, '系列': 1, '份量': 1, '雞腿堡': 1, '必要': 1, '外送員': 1, '錢': 1, '蘿蔔糕': 1, '水': 1, '油耗味': 1, '乳酪餅': 1, '小漢堡': 1, '蘑菇麵': 1, '油煙': 1, '餐椅': 1, '老闆': 1, '活動': 1, '地方': 1, '身': 1, '整體': 1, '醬油膏': 1, '沙拉吐司': 1, '現點': 1, '沙拉': 1, '冰箱味': 1, '荷包蛋': 1, '價位': 1, '店面': 1, '取餐': 1, '人員': 1, '車流量': 1, '缺點': 1, '機車': 1, '洗手乳': 1, '菌': 1, '設備': 1, '腸病毒': 1, '泡泡': 1, '手盆': 1, '薯餅': 1, '電腦': 1, '螢幕': 1, '菜單': 1, '小孩': 1, '空調': 1, '火腿': 1, '骨頭': 1, '味道': 1, '女': 1, '店員': 1, '語氣': 1, '小時': 1, '培根蛋': 1, '飲料': 1, '感覺': 1, '差別': 1, '價錢': 1, '小型': 1, '塑膠碗': 1, '湯匙': 1, '薯條': 1}, 'Nb': {}, 'Nh': {'我': 6, '自己': 1, '人家': 1, '他們': 1, '我們': 1}},)","{
  ""pros"": [
    ""價格便宜"",
    ""選擇多元"",
    ""方便快速""
  ],
  ""cons"": [
    ""口味偏甜"",
    ""份量較小"",
    ""環境略為擁擠""
  ]
}"
39,https://www.google.com/maps/place/%E6%97%A5%E6%9A%AE%E6%99%B4%E8%94%AC%E9%A3%9F%E6%97%A9%E5%8D%88%E9%A4%90%28%E5%85%AC%E4%BC%91%E6%97%A5%E5%8F%8A%E8%8F%9C%E5%96%AE%E4%BB%A5FB%E7%B2%89%E7%B5%B2%E9%A0%81%E7%82%BA%E4%B8%BB%29/data=!4m7!3m6!1s0x3467e4e99db7a03b:0x31f235db07c001bd!8m2!3d24.7470973!4d121.7491167!16s%2Fg%2F11ddxpw07_!19sChIJO6C3nenkZzQRvQHAB9s18jE?authuser=0&hl=zh-TW&rclk=1,日暮晴蔬食早午餐,4.4,413,$$,早餐,農權路二段8號,https://lh5.googleusercontent.com/p/AF1QipOinlHP9LZiUh5eFk1fyU91aXchNr32hUJjTcjB=w122-h92-k-no,"24.7470973, 121.7491167","({'A': {'日式': 9, '一般': 3, '美式': 1, '中式': 1, '中西式': 1}, 'Na': {'餐點': 23, '套餐': 15, '素食': 14, '蔬食': 14, '飯糰': 11, '份量': 11, '早午餐': 9, '料理': 7, '麵包': 6, '環境': 6, '人': 5, '朋友': 5, '口味': 5, '者': 4, '定食': 4, '店家': 4, '漢堡': 4, '價格': 4, '麵': 4, '飲料': 4, '飯': 3, '軟法': 3, '態度': 3, '地方': 3, '❤️': 3, '菜單': 3, '草食系': 3, '選擇': 3, '地': 3, '油煙味': 3, '食物': 3, '油煙': 3, '東西': 3, '胡麻醬': 2, '風味': 2, '醬': 2, '家人': 2, '們': 2, '建議': 2, '香氣': 2, '高麗菜': 2, '裝潢': 2, '茄子': 2, '店主': 2, '蛋奶素': 2, '顧客': 2, '設計': 2, '口感': 2, '蔬菜': 2, '創意': 2, '學生': 2, '上班族': 2, '首選': 2, '紅茶': 2, '老闆': 2, '速度': 2, '小時': 2, '空氣': 2, '清淨機': 2, '和風': 2, '反應': 2, '早餐': 2, '野菇': 2, '名單': 2, '飯糰🍙': 2, '牛柳': 2, '味道': 2, '時候': 2, '猴頭': 2, '培根': 2, '蔬': 1, '電': 1, '辣雞塊': 1, '雞塊': 1, 'cp值': 1, ' 椎茸': 1, '價位': 1, '區間': 1, '賣素': 1, '預期': 1, '烤飯糰': 1, '脆度': 1, '鹽': 1, '鱈魚': 1, '碗': 1, '朋': 1, '麵食': 1, '蛋捲': 1, '風格': 1, '日本風': 1, '物件': 1, '店員': 1, '☺': 1, '️☺': 1, '味': 1, '品種': 1, '饗宴': 1, '印象': 1, '地址': 1, '交通': 1, '特色': 1, '夫妻倆': 1, '選項': 1, '需求': 1, '奶素': 1, '紅蘿蔔': 1, '圖案': 1, '炒麵': 1, '素材': 1, '麵條': 1, '滿足感': 1, '菜色': 1, '用心': 1, '店鋪': 1, '位置': 1, '時光': 1, '解說': 1, '旅程': 1, '遊客': 1, '玄米': 1, '雜炊': 1, '牛蒡菇菇': 1, '芋頭': 1, '椰子': 1, '油味': 1, '橄欖菜': 1, '米飯': 1, '香': 1, '三明治': 1, '炸物': 1, '燒烤味': 1, '特調': 1, '絕配': 1, '胃': 1, '小孩': 1, '空間': 1, '車子': 1, '門': 1, '用料': 1, '工作': 1, '人員': 1, '餐具': 1, '水杯': 1, '海帶': 1, '必思': 1, '小菜': 1, '海苔醬': 1, '白色': 1, '粉筆字': 1, '拖吊車': 1, '單價': 1, '櫃台内': 1, '人體': 1, '系統': 1, '結構': 1, '點子': 1, '猴頭菇': 1, '炸雞': 1, '飯團': 1, '紙': 1, '整體': 1, '手': 1, '炒飯': 1, '感覺': 1, '原素': 1, '日': 1, '法': 1, '隱藏版': 1, '煎餅': 1, '機會': 1, '口袋': 1, '好評': 1, '配料': 1, '樂餅': 1, '店🌿｜ ': 1, '小店': 1, '店面': 1, '青菜🥬': 1, '胡麻豆腐': 1, '小麵包🥯': 1, '評價': 1, '胡椒': 1, '潛艇堡': 1, '起司': 1, '杏鮑菇': 1, '生菜': 1, '沙拉': 1, '附餐': 1, '茶': 1, '菜': 1, '梅乾菜': 1, 'CP值': 1, '薯條': 1, '月': 1, '客人': 1, '話': 1, '杯': 1, '餐期': 1, '肉': 1, '食材': 1, '容量': 1, '今日點': 1, '溏心': 1, '蛋': 1, '餐點👍🏻': 1, ' 2～3 種': 1, '蛋奶': 1, '菇堡': 1, '門簾': 1, '洗手台': 1, '樣式': 1, '青菜': 1}, 'Nb': {'日暮晴': 4, '泰勒': 2, '可爾': 2, '莎拉': 1, '宜大': 1, '羅': 1, '素友': 1, '三明治🥪': 1, '培根': 1}, 'Nh': {'我': 17, '你': 5, '他們': 3, '我們': 2, '大家': 2, '個人': 2, '它': 1, '各位': 1}},)","{""pros"": [""餐點豐富多元，有日式、中式、美式等選擇"", ""環境乾淨舒適，服務態度親切"", ""份量十足，價格合理""], ""cons"": [""部分餐點口味偏甜"", ""空間較小，容易客滿""]}"
